player_name,team,season,conference,coach,win_pcnt,avg_pts_game,number_of_games_in_season,num_games_started,avg_min_per_game,fg_percent,_2pt_pcnt,_3pt_pcnt,ft_pcnt,avg_rebounds,avg_assists,avg_steals,avg_blocks,avg_personal_fouls,avg_points_per_game
Cameron Johnson,UNC Tar Heels,2017,ACC,Roy Williams,0.703,81.6,26.0,20.0,29.3,0.426,0.52,0.341,0.847,4.7,2.3,0.7,0.2,1.7,12.4
Sterling Manley,UNC Tar Heels,2017,ACC,Roy Williams,0.703,81.6,37.0,0.0,10.0,0.566,0.566,0.0,0.692,3.6,0.3,0.1,0.6,1.2,5.4
Seventh Woods,UNC Tar Heels,2017,ACC,Roy Williams,0.703,81.6,20.0,0.0,7.0,0.3,0.346,0.0,0.8,0.7,1.0,0.3,0.1,1.1,1.1
Brandon Huffman,UNC Tar Heels,2017,ACC,Roy Williams,0.703,81.6,29.0,0.0,3.4,0.543,0.543,0.0,0.563,1.4,0.0,0.0,0.3,0.6,1.6
Walker Miller,UNC Tar Heels,2017,ACC,Roy Williams,0.703,81.6,20.0,0.0,1.5,0.286,0.286,0.0,1.0,0.4,0.2,0.0,0.1,0.2,0.3
Aaron Rohlman,UNC Tar Heels,2017,ACC,Roy Williams,0.703,81.6,21.0,1.0,1.5,1.0,1.0,0.0,0.0,0.4,0.1,0.0,0.0,0.1,0.3
Kane Ma,UNC Tar Heels,2017,ACC,Roy Williams,0.703,81.6,12.0,1.0,1.1,0.333,0.5,0.0,0.0,0.1,0.0,0.0,0.0,0.0,0.2
Garrison Brooks,UNC Tar Heels,2017,ACC,Roy Williams,0.703,81.6,37.0,16.0,14.6,0.528,0.528,0.0,0.587,3.5,0.5,0.3,0.3,1.8,4.5
Jalek Felton,UNC Tar Heels,2017,ACC,Roy Williams,0.703,81.6,22.0,1.0,9.7,0.387,0.481,0.314,0.667,0.9,1.6,0.4,0.1,0.5,2.9
Brandon Robinson,UNC Tar Heels,2017,ACC,Roy Williams,0.703,81.6,35.0,0.0,8.6,0.375,0.364,0.391,0.714,1.4,0.6,0.2,0.1,1.3,1.7
Andrew Platek,UNC Tar Heels,2017,ACC,Roy Williams,0.703,81.6,35.0,0.0,7.5,0.491,0.607,0.37,0.7,1.1,0.5,0.1,0.1,0.6,2.0
Luke Maye,UNC Tar Heels,2017,ACC,Roy Williams,0.703,81.6,37.0,37.0,32.2,0.486,0.503,0.431,0.624,10.1,2.4,1.0,1.0,2.5,16.9
Kenny Williams,UNC Tar Heels,2017,ACC,Roy Williams,0.703,81.6,37.0,36.0,31.1,0.486,0.592,0.402,0.704,3.7,2.4,1.0,0.5,1.9,11.4
Shea Rush,UNC Tar Heels,2017,ACC,Roy Williams,0.703,81.6,20.0,0.0,1.5,0.25,0.222,0.333,0.0,0.3,0.1,0.2,0.2,0.3,0.4
Joel Berry,UNC Tar Heels,2017,ACC,Roy Williams,0.703,81.6,36.0,36.0,33.1,0.396,0.451,0.344,0.893,3.5,3.2,1.2,0.3,1.6,17.1
Theo Pinson,UNC Tar Heels,2017,ACC,Roy Williams,0.703,81.6,37.0,37.0,29.7,0.473,0.532,0.226,0.818,6.5,5.1,1.1,0.5,2.3,10.3
Seventh Woods,UNC Tar Heels,2016,ACC,Roy Williams,0.825,84.4,40.0,0.0,7.7,0.283,0.306,0.182,0.61,1.4,1.2,0.5,0.1,0.7,1.5
Stilman White,UNC Tar Heels,2016,ACC,Roy Williams,0.825,84.4,27.0,1.0,3.6,0.5,0.5,0.5,0.889,0.4,0.2,0.1,0.0,0.3,1.4
Shea Rush,UNC Tar Heels,2016,ACC,Roy Williams,0.825,84.4,20.0,0.0,1.7,0.286,0.273,0.333,0.5,0.2,0.0,0.1,0.1,0.2,0.7
Nate Britt,UNC Tar Heels,2016,ACC,Roy Williams,0.825,84.4,40.0,7.0,19.0,0.354,0.369,0.333,0.73,1.8,2.4,1.0,0.1,1.8,4.5
Joel Berry,UNC Tar Heels,2016,ACC,Roy Williams,0.825,84.4,38.0,37.0,30.4,0.426,0.477,0.383,0.774,3.1,3.6,1.4,0.1,2.2,14.7
Kenny Williams,UNC Tar Heels,2016,ACC,Roy Williams,0.825,84.4,26.0,22.0,23.7,0.417,0.525,0.338,0.633,3.3,2.2,0.9,0.3,1.5,6.2
Luke Maye,UNC Tar Heels,2016,ACC,Roy Williams,0.825,84.4,35.0,1.0,14.1,0.479,0.504,0.4,0.579,3.9,1.2,0.4,0.2,1.8,5.5
Kennedy Meeks,UNC Tar Heels,2016,ACC,Roy Williams,0.825,84.4,40.0,40.0,24.3,0.555,0.555,0.0,0.622,9.5,1.0,1.0,1.2,2.4,12.5
Kanler Coker,UNC Tar Heels,2016,ACC,Roy Williams,0.825,84.4,21.0,1.0,1.4,0.5,0.5,0.0,1.0,0.2,0.0,0.0,0.0,0.3,0.4
Tony Bradley,UNC Tar Heels,2016,ACC,Roy Williams,0.825,84.4,38.0,0.0,14.6,0.573,0.573,0.0,0.619,5.1,0.6,0.3,0.6,1.8,7.1
Isaiah Hicks,UNC Tar Heels,2016,ACC,Roy Williams,0.825,84.4,39.0,39.0,23.3,0.576,0.576,0.0,0.779,5.5,1.4,0.4,0.7,3.1,11.8
Aaron Rohlman,UNC Tar Heels,2016,ACC,Roy Williams,0.825,84.4,20.0,0.0,1.7,0.0,0.0,0.0,0.0,0.7,0.1,0.1,0.0,0.1,0.0
Brandon Robinson,UNC Tar Heels,2016,ACC,Roy Williams,0.825,84.4,36.0,0.0,7.8,0.344,0.441,0.233,0.655,1.2,0.8,0.3,0.1,0.9,1.9
Theo Pinson,UNC Tar Heels,2016,ACC,Roy Williams,0.825,84.4,21.0,13.0,23.8,0.381,0.453,0.237,0.702,4.6,3.7,0.9,0.2,1.8,6.1
Justin Jackson,UNC Tar Heels,2016,ACC,Roy Williams,0.825,84.4,40.0,39.0,32.0,0.443,0.51,0.37,0.748,4.7,2.8,0.8,0.2,1.4,18.3
Brice Johnson,UNC Tar Heels,2015,ACC,Roy Williams,0.825,82.8,40.0,39.0,28.0,0.617,0.617,0.0,0.794,10.4,1.5,1.1,1.5,2.7,18.2
Joel James,UNC Tar Heels,2015,ACC,Roy Williams,0.825,82.8,37.0,10.0,7.8,0.453,0.453,0.0,0.522,2.3,0.0,0.0,0.2,1.2,2.2
Theo Pinson,UNC Tar Heels,2015,ACC,Roy Williams,0.825,82.8,40.0,7.0,18.7,0.42,0.511,0.29,0.636,3.2,2.9,0.6,0.3,1.7,4.8
Marcus Paige,UNC Tar Heels,2015,ACC,Roy Williams,0.825,82.8,34.0,34.0,31.6,0.397,0.46,0.355,0.796,2.5,3.7,1.1,0.4,1.5,13.4
Nate Britt,UNC Tar Heels,2015,ACC,Roy Williams,0.825,82.8,39.0,0.0,15.4,0.393,0.451,0.313,0.8,1.5,1.8,0.6,0.0,1.2,5.6
Luke Maye,UNC Tar Heels,2015,ACC,Roy Williams,0.825,82.8,33.0,0.0,5.4,0.39,0.412,0.286,0.429,1.7,0.2,0.1,0.1,0.8,1.2
Justin Jackson,UNC Tar Heels,2015,ACC,Roy Williams,0.825,82.8,40.0,38.0,28.4,0.472,0.543,0.298,0.667,3.9,2.8,0.6,0.4,1.7,12.7
Joel Berry,UNC Tar Heels,2015,ACC,Roy Williams,0.825,82.8,40.0,39.0,30.7,0.448,0.507,0.376,0.872,3.3,3.8,1.5,0.2,2.2,13.4
Kanler Coker,UNC Tar Heels,2015,ACC,Roy Williams,0.825,82.8,13.0,0.0,1.2,0.25,0.5,0.0,0.0,0.5,0.1,0.0,0.0,0.2,0.2
Kennedy Meeks,UNC Tar Heels,2015,ACC,Roy Williams,0.825,82.8,33.0,28.0,20.6,0.563,0.563,0.0,0.708,5.9,1.0,0.8,1.0,2.2,9.8
Spenser Dalton,UNC Tar Heels,2015,ACC,Roy Williams,0.825,82.8,18.0,1.0,1.2,0.111,0.5,0.0,0.0,0.1,0.0,0.0,0.0,0.1,0.1
Justin Coleman,UNC Tar Heels,2015,ACC,Roy Williams,0.825,82.8,14.0,1.0,1.2,0.25,0.5,0.0,0.5,0.1,0.1,0.0,0.0,0.1,0.2
Stilman White,UNC Tar Heels,2015,ACC,Roy Williams,0.825,82.8,18.0,0.0,1.7,0.125,0.167,0.0,0.5,0.3,0.1,0.0,0.0,0.3,0.2
Kenny Williams,UNC Tar Heels,2015,ACC,Roy Williams,0.825,82.8,29.0,0.0,4.2,0.364,0.778,0.077,1.0,0.4,0.2,0.1,0.0,0.4,0.8
Isaiah Hicks,UNC Tar Heels,2015,ACC,Roy Williams,0.825,82.8,40.0,3.0,18.1,0.619,0.619,0.0,0.756,4.6,0.7,0.5,0.6,3.0,9.2
Toby Egbuna,UNC Tar Heels,2015,ACC,Roy Williams,0.825,82.8,16.0,0.0,1.2,0.0,0.0,0.0,0.0,0.1,0.0,0.1,0.0,0.1,0.0
Stilman White,UNC Tar Heels,2014,ACC,Roy Williams,0.684,77.7,9.0,0.0,2.6,0.0,0.0,0.0,0.0,0.1,0.3,0.0,0.0,0.2,0.0
Nate Britt,UNC Tar Heels,2014,ACC,Roy Williams,0.684,77.7,38.0,3.0,15.3,0.384,0.398,0.366,0.882,1.4,1.5,0.5,0.0,1.8,5.5
Justin Jackson,UNC Tar Heels,2014,ACC,Roy Williams,0.684,77.7,38.0,37.0,26.7,0.477,0.544,0.304,0.71,3.7,2.3,0.5,0.5,1.4,10.7
Joel Berry,UNC Tar Heels,2014,ACC,Roy Williams,0.684,77.7,30.0,0.0,13.2,0.404,0.451,0.354,0.757,0.9,1.5,0.4,0.0,1.5,4.2
J.P. Tokoto,UNC Tar Heels,2014,ACC,Roy Williams,0.684,77.7,38.0,34.0,29.1,0.428,0.435,0.375,0.615,5.6,4.3,1.5,0.3,2.4,8.3
Theo Pinson,UNC Tar Heels,2014,ACC,Roy Williams,0.684,77.7,24.0,1.0,12.5,0.368,0.429,0.269,0.611,3.0,1.5,0.6,0.2,0.9,2.8
Isaiah Hicks,UNC Tar Heels,2014,ACC,Roy Williams,0.684,77.7,38.0,3.0,14.8,0.544,0.547,0.0,0.621,3.0,0.3,0.2,0.4,2.5,6.6
Marcus Paige,UNC Tar Heels,2014,ACC,Roy Williams,0.684,77.7,38.0,38.0,33.2,0.413,0.438,0.395,0.865,2.9,4.5,1.7,0.2,1.6,14.1
Luke Davis,UNC Tar Heels,2014,ACC,Roy Williams,0.684,77.7,3.0,1.0,1.3,0.0,0.0,0.0,0.0,0.0,0.3,0.0,0.0,0.3,0.0
Justin Coleman,UNC Tar Heels,2014,ACC,Roy Williams,0.684,77.7,10.0,0.0,1.9,0.0,0.0,0.0,0.5,0.3,0.3,0.0,0.0,0.1,0.1
Spenser Dalton,UNC Tar Heels,2014,ACC,Roy Williams,0.684,77.7,2.0,0.0,1.0,0.0,0.0,0.0,0.0,0.0,0.0,0.5,0.0,0.0,0.0
Kennedy Meeks,UNC Tar Heels,2014,ACC,Roy Williams,0.684,77.7,37.0,32.0,23.3,0.562,0.564,0.0,0.641,7.3,1.1,0.6,1.2,2.6,11.4
Sasha Seymore,UNC Tar Heels,2014,ACC,Roy Williams,0.684,77.7,6.0,0.0,1.8,0.5,0.5,0.0,0.75,0.3,0.0,0.0,0.0,0.3,1.2
Jackson Simmons,UNC Tar Heels,2014,ACC,Roy Williams,0.684,77.7,28.0,1.0,3.6,0.692,0.692,0.0,0.75,0.4,0.0,0.1,0.0,0.6,0.8
Brice Johnson,UNC Tar Heels,2014,ACC,Roy Williams,0.684,77.7,38.0,37.0,24.7,0.566,0.566,0.0,0.678,7.8,0.9,0.7,1.1,2.9,12.9
Desmond Hubert,UNC Tar Heels,2014,ACC,Roy Williams,0.684,77.7,21.0,0.0,3.9,0.4,0.4,0.0,0.333,1.0,0.0,0.0,0.0,0.7,0.3
Joel James,UNC Tar Heels,2014,ACC,Roy Williams,0.684,77.7,38.0,3.0,10.1,0.451,0.451,0.0,0.667,1.9,0.2,0.1,0.2,1.4,2.5
Brice Johnson,UNC Tar Heels,2013,ACC,Roy Williams,0.706,76.6,34.0,2.0,19.4,0.566,0.566,0.0,0.622,6.1,0.9,0.7,1.3,2.8,10.3
James Michael McAdoo,UNC Tar Heels,2013,ACC,Roy Williams,0.706,76.6,34.0,34.0,30.1,0.458,0.466,0.0,0.537,6.8,1.7,1.3,0.9,2.7,14.2
Denzel Robinson,UNC Tar Heels,2013,ACC,Roy Williams,0.706,76.6,8.0,1.0,1.6,0.5,0.5,0.0,0.0,0.6,0.1,0.0,0.0,0.1,0.3
Desmond Hubert,UNC Tar Heels,2013,ACC,Roy Williams,0.706,76.6,31.0,0.0,6.1,0.467,0.467,0.0,0.294,1.1,0.1,0.0,0.4,0.7,0.6
Isaiah Hicks,UNC Tar Heels,2013,ACC,Roy Williams,0.706,76.6,34.0,0.0,7.3,0.417,0.452,0.2,0.579,1.0,0.2,0.1,0.4,1.0,1.2
Marcus Paige,UNC Tar Heels,2013,ACC,Roy Williams,0.706,76.6,34.0,33.0,35.6,0.44,0.493,0.389,0.877,3.2,4.2,1.5,0.2,2.0,17.5
James Manor,UNC Tar Heels,2013,ACC,Roy Williams,0.706,76.6,8.0,1.0,1.6,0.5,0.5,0.5,0.0,0.3,0.1,0.0,0.1,0.1,1.0
Wade Moody,UNC Tar Heels,2013,ACC,Roy Williams,0.706,76.6,12.0,1.0,2.1,0.5,0.0,0.6,0.0,0.0,0.5,0.0,0.0,0.3,0.8
Leslie McDonald,UNC Tar Heels,2013,ACC,Roy Williams,0.706,76.6,25.0,18.0,27.1,0.386,0.5,0.312,0.621,2.0,1.5,0.4,0.1,2.9,10.4
Nate Britt,UNC Tar Heels,2013,ACC,Roy Williams,0.706,76.6,34.0,16.0,20.9,0.367,0.377,0.25,0.794,1.4,2.4,1.1,0.1,2.5,5.1
J.P. Tokoto,UNC Tar Heels,2013,ACC,Roy Williams,0.706,76.6,34.0,33.0,28.7,0.489,0.531,0.222,0.5,5.8,3.1,1.6,0.5,2.7,9.3
Joel James,UNC Tar Heels,2013,ACC,Roy Williams,0.706,76.6,30.0,13.0,7.9,0.388,0.388,0.0,0.778,2.7,0.2,0.1,0.1,1.2,1.7
Jackson Simmons,UNC Tar Heels,2013,ACC,Roy Williams,0.706,76.6,32.0,1.0,5.8,0.55,0.55,0.0,0.5,1.1,0.3,0.2,0.0,0.6,1.0
Kennedy Meeks,UNC Tar Heels,2013,ACC,Roy Williams,0.706,76.6,34.0,17.0,16.3,0.548,0.548,0.0,0.586,6.1,0.8,0.3,0.8,1.7,7.6
Luke Davis,UNC Tar Heels,2013,ACC,Roy Williams,0.706,76.6,21.0,0.0,6.2,0.25,1.0,0.0,0.0,0.4,0.5,0.1,0.0,0.5,0.2
Denzel Robinson,UNC Tar Heels,2012,ACC,Roy Williams,0.694,76.7,12.0,0.0,1.4,0.5,0.5,0.0,0.0,0.3,0.0,0.0,0.0,0.0,0.2
Leslie McDonald,UNC Tar Heels,2012,ACC,Roy Williams,0.694,76.7,30.0,1.0,17.9,0.357,0.354,0.359,0.795,2.1,1.2,0.5,0.1,1.4,7.2
Dexter Strickland,UNC Tar Heels,2012,ACC,Roy Williams,0.694,76.7,36.0,36.0,27.7,0.436,0.463,0.174,0.694,2.4,4.2,1.2,0.1,1.6,7.8
Luke Davis,UNC Tar Heels,2012,ACC,Roy Williams,0.694,76.7,20.0,0.0,4.1,1.0,0.0,1.0,1.0,0.2,1.2,0.2,0.0,0.3,0.4
Wade Moody,UNC Tar Heels,2012,ACC,Roy Williams,0.694,76.7,13.0,0.0,1.4,0.286,0.25,0.333,0.0,0.1,0.2,0.1,0.0,0.2,0.4
P.J. Hairston,UNC Tar Heels,2012,ACC,Roy Williams,0.694,76.7,34.0,14.0,23.6,0.431,0.486,0.396,0.779,4.3,1.4,1.3,0.4,1.9,14.6
Marcus Paige,UNC Tar Heels,2012,ACC,Roy Williams,0.694,76.7,35.0,34.0,29.2,0.356,0.368,0.344,0.836,2.7,4.6,1.4,0.1,1.7,8.2
Reggie Bullock,UNC Tar Heels,2012,ACC,Roy Williams,0.694,76.7,35.0,35.0,31.4,0.483,0.545,0.436,0.767,6.5,2.9,1.3,0.3,1.4,13.9
J.P. Tokoto,UNC Tar Heels,2012,ACC,Roy Williams,0.694,76.7,35.0,0.0,8.6,0.488,0.549,0.091,0.385,1.7,0.7,0.5,0.1,0.8,2.6
Jackson Simmons,UNC Tar Heels,2012,ACC,Roy Williams,0.694,76.7,32.0,0.0,7.3,0.667,0.667,0.0,0.643,1.8,0.3,0.1,0.1,0.8,1.9
James Manor,UNC Tar Heels,2012,ACC,Roy Williams,0.694,76.7,12.0,0.0,1.4,0.182,0.286,0.0,0.0,0.3,0.0,0.1,0.0,0.1,0.3
Frank Tanner,UNC Tar Heels,2012,ACC,Roy Williams,0.694,76.7,13.0,1.0,1.5,0.125,0.2,0.0,0.0,0.2,0.1,0.0,0.0,0.2,0.2
James Michael McAdoo,UNC Tar Heels,2012,ACC,Roy Williams,0.694,76.7,36.0,36.0,30.0,0.445,0.447,0.0,0.578,7.3,1.1,1.5,0.4,2.3,14.4
Joel James,UNC Tar Heels,2012,ACC,Roy Williams,0.694,76.7,30.0,3.0,9.4,0.509,0.509,0.0,0.563,2.4,0.2,0.2,0.3,1.2,2.2
Desmond Hubert,UNC Tar Heels,2012,ACC,Roy Williams,0.694,76.7,36.0,18.0,9.3,0.543,0.543,0.0,0.214,1.7,0.1,0.2,0.8,0.8,1.1
Brice Johnson,UNC Tar Heels,2012,ACC,Roy Williams,0.694,76.7,36.0,2.0,10.6,0.511,0.511,0.0,0.577,3.2,0.3,0.5,0.5,1.6,5.4
David Dupont,UNC Tar Heels,2011,ACC,Roy Williams,0.842,81.3,21.0,1.0,1.5,0.3,0.0,0.5,0.5,0.1,0.1,0.0,0.0,0.1,0.5
Patrick Crouch,UNC Tar Heels,2011,ACC,Roy Williams,0.842,81.3,23.0,1.0,1.7,0.273,0.4,0.167,0.5,0.3,0.3,0.0,0.0,0.1,0.4
Stewart Cooper,UNC Tar Heels,2011,ACC,Roy Williams,0.842,81.3,21.0,1.0,1.5,0.5,0.5,0.0,0.333,0.0,0.0,0.0,0.0,0.2,0.2
P.J. Hairston,UNC Tar Heels,2011,ACC,Roy Williams,0.842,81.3,37.0,0.0,13.0,0.308,0.39,0.273,0.839,2.2,0.8,0.4,0.2,1.5,5.7
Reggie Bullock,UNC Tar Heels,2011,ACC,Roy Williams,0.842,81.3,38.0,18.0,25.4,0.428,0.51,0.382,0.727,5.1,1.4,0.7,0.2,1.2,8.8
Stilman White,UNC Tar Heels,2011,ACC,Roy Williams,0.842,81.3,34.0,2.0,5.8,0.2,0.273,0.158,0.583,0.4,0.9,0.2,0.0,0.9,0.9
John Henson,UNC Tar Heels,2011,ACC,Roy Williams,0.842,81.3,35.0,34.0,29.1,0.5,0.5,0.0,0.511,9.9,1.3,0.6,2.9,1.6,13.7
James Michael McAdoo,UNC Tar Heels,2011,ACC,Roy Williams,0.842,81.3,38.0,3.0,15.6,0.434,0.434,0.0,0.638,3.9,0.3,0.9,0.3,1.4,6.1
Jackson Simmons,UNC Tar Heels,2011,ACC,Roy Williams,0.842,81.3,23.0,0.0,1.8,0.412,0.412,0.0,0.25,0.7,0.0,0.0,0.0,0.0,0.7
Desmond Hubert,UNC Tar Heels,2011,ACC,Roy Williams,0.842,81.3,25.0,0.0,4.9,0.444,0.444,0.0,0.077,1.5,0.2,0.1,0.2,0.7,0.7
Tyler Zeller,UNC Tar Heels,2011,ACC,Roy Williams,0.842,81.3,38.0,38.0,28.2,0.553,0.553,0.0,0.808,9.6,0.9,0.9,1.5,2.7,16.3
Justin Watts,UNC Tar Heels,2011,ACC,Roy Williams,0.842,81.3,38.0,1.0,7.2,0.422,0.462,0.167,0.368,1.3,0.2,0.3,0.1,0.7,1.2
Dexter Strickland,UNC Tar Heels,2011,ACC,Roy Williams,0.842,81.3,19.0,19.0,24.3,0.57,0.582,0.0,0.667,2.1,2.1,1.3,0.2,1.5,7.5
Harrison Barnes,UNC Tar Heels,2011,ACC,Roy Williams,0.842,81.3,38.0,37.0,29.2,0.44,0.469,0.358,0.723,5.2,1.1,1.1,0.3,1.8,17.1
Kendall Marshall,UNC Tar Heels,2011,ACC,Roy Williams,0.842,81.3,36.0,35.0,33.0,0.467,0.527,0.354,0.696,2.6,9.8,1.2,0.2,1.6,8.1
Tyler Zeller,UNC Tar Heels,2010,ACC,Roy Williams,0.784,77.5,37.0,35.0,28.1,0.549,0.549,0.0,0.759,7.2,0.6,0.7,1.2,2.7,15.8
D.J. Johnston,UNC Tar Heels,2010,ACC,Roy Williams,0.784,77.5,13.0,1.0,1.6,0.25,0.286,0.0,0.0,0.6,0.1,0.0,0.1,0.0,0.3
Daniel Bolick,UNC Tar Heels,2010,ACC,Roy Williams,0.784,77.5,14.0,1.0,1.4,0.25,0.333,0.0,1.0,0.4,0.1,0.0,0.0,0.1,0.4
John Henson,UNC Tar Heels,2010,ACC,Roy Williams,0.784,77.5,37.0,36.0,26.7,0.5,0.506,0.167,0.482,10.1,0.8,0.6,3.2,1.8,11.7
Justin Knox,UNC Tar Heels,2010,ACC,Roy Williams,0.784,77.5,37.0,1.0,14.4,0.525,0.525,0.0,0.642,3.2,0.4,0.2,0.3,1.9,4.6
Kendall Marshall,UNC Tar Heels,2010,ACC,Roy Williams,0.784,77.5,37.0,20.0,24.6,0.42,0.434,0.385,0.69,2.1,6.2,1.1,0.1,1.4,6.2
Larry Drew,UNC Tar Heels,2010,ACC,Roy Williams,0.784,77.5,21.0,17.0,22.8,0.384,0.474,0.207,0.677,2.3,3.9,1.1,0.0,2.0,4.4
Patrick Crouch,UNC Tar Heels,2010,ACC,Roy Williams,0.784,77.5,12.0,0.0,1.7,0.5,0.6,0.333,0.0,0.1,0.0,0.0,0.0,0.4,0.8
Leslie McDonald,UNC Tar Heels,2010,ACC,Roy Williams,0.784,77.5,36.0,0.0,15.7,0.386,0.393,0.381,0.744,2.1,0.6,0.5,0.1,1.8,7.0
Justin Watts,UNC Tar Heels,2010,ACC,Roy Williams,0.784,77.5,34.0,0.0,9.2,0.375,0.4,0.333,0.533,1.9,0.5,0.1,0.1,0.9,1.9
Dexter Strickland,UNC Tar Heels,2010,ACC,Roy Williams,0.784,77.5,37.0,36.0,27.0,0.456,0.494,0.25,0.686,3.1,2.2,1.2,0.0,1.9,7.5
Harrison Barnes,UNC Tar Heels,2010,ACC,Roy Williams,0.784,77.5,37.0,36.0,29.4,0.421,0.47,0.344,0.75,5.8,1.4,0.7,0.4,1.9,15.6
Reggie Bullock,UNC Tar Heels,2010,ACC,Roy Williams,0.784,77.5,27.0,0.0,14.5,0.367,0.465,0.296,0.565,2.8,0.6,0.7,0.1,0.9,6.1
David Dupont,UNC Tar Heels,2010,ACC,Roy Williams,0.784,77.5,12.0,0.0,1.5,0.0,0.0,0.0,0.0,0.4,0.1,0.0,0.0,0.1,0.0
Stewart Cooper,UNC Tar Heels,2010,ACC,Roy Williams,0.784,77.5,12.0,0.0,1.4,0.0,0.0,0.0,0.0,0.3,0.1,0.0,0.0,0.2,0.0
Van Hatchell,UNC Tar Heels,2010,ACC,Roy Williams,0.784,77.5,11.0,1.0,1.5,0.0,0.0,0.0,0.5,0.4,0.1,0.0,0.0,0.2,0.1
John Henson,UNC Tar Heels,2009,ACC,Roy Williams,0.541,74.5,37.0,12.0,15.8,0.486,0.515,0.222,0.438,4.4,0.9,0.7,1.6,1.1,5.7
Marcus Ginyard,UNC Tar Heels,2009,ACC,Roy Williams,0.541,74.5,33.0,31.0,30.6,0.406,0.462,0.309,0.671,4.9,2.8,1.2,0.1,1.7,7.7
Thomas Thornton,UNC Tar Heels,2009,ACC,Roy Williams,0.541,74.5,12.0,1.0,2.3,0.333,0.0,0.4,0.0,0.3,0.1,0.1,0.0,0.3,0.5
Dexter Strickland,UNC Tar Heels,2009,ACC,Roy Williams,0.541,74.5,36.0,4.0,17.3,0.432,0.488,0.235,0.692,1.5,2.0,0.9,0.1,1.7,5.4
Justin Watts,UNC Tar Heels,2009,ACC,Roy Williams,0.541,74.5,23.0,2.0,6.2,0.405,0.393,0.444,0.429,0.8,0.8,0.2,0.2,0.5,1.7
Travis Wear,UNC Tar Heels,2009,ACC,Roy Williams,0.541,74.5,32.0,1.0,10.1,0.413,0.414,0.4,0.742,2.2,0.2,0.3,0.1,1.1,3.5
James Gallagher,UNC Tar Heels,2009,ACC,Roy Williams,0.541,74.5,12.0,1.0,1.8,0.0,0.0,0.0,0.0,0.3,0.2,0.1,0.0,0.1,0.0
Ed Davis,UNC Tar Heels,2009,ACC,Roy Williams,0.541,74.5,23.0,23.0,27.9,0.578,0.578,0.0,0.659,9.6,1.0,0.4,2.8,1.8,13.4
Deon Thompson,UNC Tar Heels,2009,ACC,Roy Williams,0.541,74.5,37.0,37.0,26.9,0.484,0.486,0.0,0.693,6.7,0.8,1.1,1.0,2.2,13.7
Terrence Petree,UNC Tar Heels,2009,ACC,Roy Williams,0.541,74.5,12.0,0.0,1.6,0.75,0.75,0.0,0.0,0.5,0.1,0.0,0.0,0.1,0.5
Tyler Zeller,UNC Tar Heels,2009,ACC,Roy Williams,0.541,74.5,27.0,0.0,17.3,0.521,0.526,0.0,0.722,4.6,0.3,0.5,0.9,1.8,9.3
William Graves,UNC Tar Heels,2009,ACC,Roy Williams,0.541,74.5,36.0,34.0,24.3,0.366,0.362,0.369,0.806,4.6,1.0,0.6,0.2,1.7,9.8
Larry Drew,UNC Tar Heels,2009,ACC,Roy Williams,0.541,74.5,37.0,36.0,28.8,0.405,0.442,0.352,0.606,2.7,5.9,0.8,0.0,1.9,8.5
Leslie McDonald,UNC Tar Heels,2009,ACC,Roy Williams,0.541,74.5,34.0,0.0,10.3,0.309,0.373,0.208,0.655,1.5,0.6,0.2,0.1,0.9,3.4
David Wear,UNC Tar Heels,2009,ACC,Roy Williams,0.541,74.5,27.0,2.0,10.4,0.437,0.418,0.5,0.563,1.7,0.4,0.3,0.1,0.7,2.9
Marc Campbell,UNC Tar Heels,2009,ACC,Roy Williams,0.541,74.5,12.0,1.0,2.8,0.167,0.0,0.2,0.5,0.1,0.3,0.3,0.0,0.1,0.3
Deon Thompson,UNC Tar Heels,2008,ACC,Roy Williams,0.895,89.8,38.0,37.0,24.8,0.492,0.492,0.0,0.646,5.7,0.7,0.9,1.1,2.2,10.6
Danny Green,UNC Tar Heels,2008,ACC,Roy Williams,0.895,89.8,38.0,38.0,27.4,0.471,0.517,0.418,0.852,4.7,2.7,1.8,1.3,2.2,13.1
J.B. Tanner,UNC Tar Heels,2008,ACC,Roy Williams,0.895,89.8,21.0,0.0,2.1,0.421,0.6,0.357,0.333,0.3,0.0,0.0,0.0,0.2,1.1
Larry Drew,UNC Tar Heels,2008,ACC,Roy Williams,0.895,89.8,38.0,0.0,9.6,0.351,0.452,0.231,0.412,1.1,1.9,0.4,0.0,0.9,1.4
Jack Wooten,UNC Tar Heels,2008,ACC,Roy Williams,0.895,89.8,19.0,0.0,1.9,0.364,0.5,0.2,0.25,0.3,0.1,0.0,0.0,0.1,0.5
Wayne Ellington,UNC Tar Heels,2008,ACC,Roy Williams,0.895,89.8,38.0,37.0,30.4,0.483,0.539,0.417,0.777,4.9,2.7,0.9,0.2,1.5,15.8
Tyler Hansbrough,UNC Tar Heels,2008,ACC,Roy Williams,0.895,89.8,34.0,34.0,30.3,0.514,0.521,0.391,0.841,8.1,1.0,1.2,0.4,2.3,20.7
Ty Lawson,UNC Tar Heels,2008,ACC,Roy Williams,0.895,89.8,35.0,35.0,29.9,0.532,0.56,0.472,0.798,3.0,6.6,2.1,0.1,1.7,16.6
William Graves,UNC Tar Heels,2008,ACC,Roy Williams,0.895,89.8,20.0,0.0,11.2,0.437,0.6,0.278,0.889,2.6,0.8,0.4,0.1,1.6,4.0
Bobby Frasor,UNC Tar Heels,2008,ACC,Roy Williams,0.895,89.8,38.0,4.0,17.4,0.333,0.447,0.274,0.462,2.0,1.4,0.6,0.1,1.4,2.6
Ed Davis,UNC Tar Heels,2008,ACC,Roy Williams,0.895,89.8,38.0,2.0,18.8,0.518,0.518,0.0,0.573,6.6,0.6,0.4,1.7,1.9,6.7
Tyler Zeller,UNC Tar Heels,2008,ACC,Roy Williams,0.895,89.8,15.0,2.0,7.8,0.472,0.472,0.0,0.765,2.0,0.2,0.2,0.2,1.3,3.1
Mike Copeland,UNC Tar Heels,2008,ACC,Roy Williams,0.895,89.8,17.0,1.0,2.5,0.25,0.286,0.0,1.0,0.8,0.1,0.0,0.0,0.5,0.8
Marc Campbell,UNC Tar Heels,2008,ACC,Roy Williams,0.895,89.8,20.0,0.0,1.9,0.333,0.5,0.0,1.0,0.3,0.5,0.1,0.0,0.1,0.2
Patrick Moody,UNC Tar Heels,2008,ACC,Roy Williams,0.895,89.8,21.0,0.0,2.1,0.583,0.583,0.0,0.615,0.7,0.0,0.1,0.1,0.3,1.0
Justin Watts,UNC Tar Heels,2008,ACC,Roy Williams,0.895,89.8,27.0,0.0,3.1,0.242,0.296,0.0,0.429,0.7,0.2,0.1,0.1,0.2,0.7
Marcus Ginyard,UNC Tar Heels,2008,ACC,Roy Williams,0.895,89.8,3.0,0.0,12.3,0.25,0.25,0.0,0.5,2.7,1.3,0.7,0.0,1.7,1.3
J.B. Tanner,UNC Tar Heels,2007,ACC,Roy Williams,0.923,88.6,18.0,0.0,1.6,0.385,0.0,0.417,0.0,0.1,0.0,0.1,0.0,0.1,0.8
Danny Green,UNC Tar Heels,2007,ACC,Roy Williams,0.923,88.6,39.0,1.0,22.3,0.469,0.544,0.373,0.873,4.9,2.0,1.2,1.2,2.3,11.5
William Graves,UNC Tar Heels,2007,ACC,Roy Williams,0.923,88.6,36.0,0.0,5.2,0.391,0.308,0.442,0.583,1.4,0.3,0.1,0.1,0.5,2.2
Marcus Ginyard,UNC Tar Heels,2007,ACC,Roy Williams,0.923,88.6,39.0,39.0,28.2,0.441,0.448,0.4,0.649,4.5,2.2,1.1,0.1,2.0,6.9
Bobby Frasor,UNC Tar Heels,2007,ACC,Roy Williams,0.923,88.6,12.0,1.0,16.3,0.342,0.5,0.3,0.5,1.8,2.1,1.0,0.2,0.8,3.2
Quentin Thomas,UNC Tar Heels,2007,ACC,Roy Williams,0.923,88.6,37.0,9.0,15.9,0.551,0.615,0.231,0.781,1.4,3.1,0.5,0.1,1.5,3.1
Jack Wooten,UNC Tar Heels,2007,ACC,Roy Williams,0.923,88.6,18.0,0.0,1.8,0.286,0.5,0.2,0.0,0.3,0.2,0.0,0.1,0.1,0.3
Greg Little,UNC Tar Heels,2007,ACC,Roy Williams,0.923,88.6,10.0,0.0,1.5,0.182,0.2,0.167,0.0,0.5,0.2,0.0,0.0,0.3,0.5
Marc Campbell,UNC Tar Heels,2007,ACC,Roy Williams,0.923,88.6,19.0,0.0,1.8,0.3,0.25,0.333,0.0,0.2,0.4,0.2,0.0,0.1,0.4
Wayne Ellington,UNC Tar Heels,2007,ACC,Roy Williams,0.923,88.6,39.0,38.0,31.1,0.467,0.51,0.4,0.826,4.5,2.0,1.1,0.2,1.6,16.6
Deon Thompson,UNC Tar Heels,2007,ACC,Roy Williams,0.923,88.6,39.0,38.0,21.4,0.481,0.481,0.0,0.595,4.8,1.1,0.7,1.3,2.3,8.4
Surry Wood,UNC Tar Heels,2007,ACC,Roy Williams,0.923,88.6,17.0,1.0,2.0,0.545,0.545,0.0,0.333,0.5,0.1,0.0,0.0,0.2,0.8
Patrick Moody,UNC Tar Heels,2007,ACC,Roy Williams,0.923,88.6,17.0,0.0,1.9,0.143,0.143,0.0,0.5,0.5,0.1,0.2,0.0,0.1,0.3
Tyler Hansbrough,UNC Tar Heels,2007,ACC,Roy Williams,0.923,88.6,39.0,39.0,33.0,0.54,0.547,0.0,0.806,10.2,0.9,1.5,0.4,2.4,22.6
Ty Lawson,UNC Tar Heels,2007,ACC,Roy Williams,0.923,88.6,32.0,29.0,25.3,0.515,0.582,0.361,0.835,2.7,5.2,1.6,0.0,1.8,12.7
Alex Stepheson,UNC Tar Heels,2007,ACC,Roy Williams,0.923,88.6,37.0,0.0,14.5,0.539,0.539,0.0,0.447,4.5,0.2,0.2,0.9,2.0,4.3
Mike Copeland,UNC Tar Heels,2007,ACC,Roy Williams,0.923,88.6,25.0,0.0,4.1,0.667,0.667,0.0,0.667,0.8,0.1,0.0,0.3,0.6,1.2
Dewey Burke,UNC Tar Heels,2006,ACC,Roy Williams,0.816,85.7,21.0,1.0,1.5,0.286,0.0,0.286,0.5,0.2,0.0,0.0,0.0,0.1,0.7
Wayne Ellington,UNC Tar Heels,2006,ACC,Roy Williams,0.816,85.7,38.0,37.0,23.9,0.433,0.488,0.371,0.836,2.9,2.1,0.8,0.0,1.3,11.7
Reyshawn Terry,UNC Tar Heels,2006,ACC,Roy Williams,0.816,85.7,38.0,36.0,21.5,0.494,0.531,0.437,0.739,5.4,1.7,0.7,0.6,2.2,9.7
Danny Green,UNC Tar Heels,2006,ACC,Roy Williams,0.816,85.7,37.0,0.0,13.6,0.411,0.532,0.296,0.848,2.8,1.1,0.6,0.7,1.4,5.2
Wes Miller,UNC Tar Heels,2006,ACC,Roy Williams,0.816,85.7,38.0,1.0,10.6,0.322,0.167,0.333,0.733,0.5,1.1,0.3,0.0,0.7,2.5
Marcus Ginyard,UNC Tar Heels,2006,ACC,Roy Williams,0.816,85.7,37.0,2.0,16.9,0.473,0.495,0.273,0.792,3.2,1.5,1.1,0.1,1.4,4.1
Ty Lawson,UNC Tar Heels,2006,ACC,Roy Williams,0.816,85.7,38.0,31.0,25.7,0.5,0.564,0.356,0.688,2.9,5.6,1.5,0.1,2.4,10.2
Deon Thompson,UNC Tar Heels,2006,ACC,Roy Williams,0.816,85.7,38.0,1.0,12.4,0.558,0.558,0.0,0.649,2.4,0.4,0.5,0.4,1.8,4.7
Brandan Wright,UNC Tar Heels,2006,ACC,Roy Williams,0.816,85.7,37.0,37.0,27.4,0.646,0.646,0.0,0.567,6.2,1.0,1.0,1.8,1.5,14.7
Alex Stepheson,UNC Tar Heels,2006,ACC,Roy Williams,0.816,85.7,38.0,0.0,6.4,0.5,0.5,0.0,0.514,2.2,0.1,0.0,0.3,0.8,2.1
Mike Copeland,UNC Tar Heels,2006,ACC,Roy Williams,0.816,85.7,20.0,0.0,2.2,0.5,0.5,0.0,0.667,0.8,0.3,0.1,0.1,0.2,0.9
Quentin Thomas,UNC Tar Heels,2006,ACC,Roy Williams,0.816,85.7,27.0,0.0,6.1,0.313,0.357,0.0,0.667,0.9,1.7,0.2,0.1,0.8,0.5
Surry Wood,UNC Tar Heels,2006,ACC,Roy Williams,0.816,85.7,19.0,0.0,0.0,0.286,0.333,0.0,0.0,0.5,0.1,0.1,0.0,0.0,0.2
Tyler Hansbrough,UNC Tar Heels,2006,ACC,Roy Williams,0.816,85.7,38.0,38.0,29.9,0.525,0.528,0.25,0.768,7.9,1.2,1.1,0.4,2.4,18.4
Bobby Frasor,UNC Tar Heels,2006,ACC,Roy Williams,0.816,85.7,28.0,6.0,10.1,0.403,0.458,0.368,0.375,0.7,1.6,0.5,0.0,0.8,2.4
Tyler Hansbrough,UNC Tar Heels,2005,ACC,Roy Williams,0.742,79.4,31.0,30.0,30.4,0.57,0.571,0.5,0.739,7.8,1.3,1.2,0.7,2.8,18.9
Mike Copeland,UNC Tar Heels,2005,ACC,Roy Williams,0.742,79.4,16.0,0.0,2.9,0.571,0.571,0.0,0.667,1.1,0.0,0.0,0.1,0.5,1.5
Byron Sanders,UNC Tar Heels,2005,ACC,Roy Williams,0.742,79.4,31.0,1.0,12.2,0.508,0.508,0.0,0.364,2.4,0.5,0.2,0.4,1.3,2.5
Surry Wood,UNC Tar Heels,2005,ACC,Roy Williams,0.742,79.4,10.0,0.0,1.6,0.286,0.333,0.0,0.0,1.3,0.1,0.1,0.0,0.1,0.4
Will Robinson,UNC Tar Heels,2005,ACC,Roy Williams,0.742,79.4,10.0,1.0,1.9,0.4,0.4,0.0,0.75,0.5,0.0,0.0,0.0,0.2,0.7
Thomas Wilkins,UNC Tar Heels,2005,ACC,Roy Williams,0.742,79.4,10.0,1.0,1.9,0.5,0.667,0.0,0.0,0.3,0.1,0.2,0.0,0.1,0.4
Quentin Thomas,UNC Tar Heels,2005,ACC,Roy Williams,0.742,79.4,28.0,0.0,12.0,0.426,0.464,0.0,0.542,1.8,2.8,0.7,0.1,1.1,2.3
Reyshawn Terry,UNC Tar Heels,2005,ACC,Roy Williams,0.742,79.4,31.0,30.0,24.2,0.474,0.532,0.381,0.8,6.2,1.4,1.0,0.9,3.0,14.3
Marcus Ginyard,UNC Tar Heels,2005,ACC,Roy Williams,0.742,79.4,31.0,14.0,19.1,0.407,0.458,0.244,0.721,2.6,1.2,0.9,0.0,1.0,6.3
Dewey Burke,UNC Tar Heels,2005,ACC,Roy Williams,0.742,79.4,11.0,0.0,1.5,0.333,0.333,0.333,0.5,0.4,0.2,0.1,0.0,0.1,0.5
Wes Miller,UNC Tar Heels,2005,ACC,Roy Williams,0.742,79.4,31.0,16.0,22.9,0.438,0.4,0.441,0.72,1.4,1.9,1.1,0.0,1.8,7.2
Bobby Frasor,UNC Tar Heels,2005,ACC,Roy Williams,0.742,79.4,31.0,31.0,27.5,0.374,0.432,0.31,0.773,2.2,4.4,0.9,0.2,1.5,6.4
Danny Green,UNC Tar Heels,2005,ACC,Roy Williams,0.742,79.4,31.0,0.0,15.3,0.433,0.486,0.355,0.792,3.7,1.1,0.7,1.0,1.6,7.5
David Noel,UNC Tar Heels,2005,ACC,Roy Williams,0.742,79.4,31.0,31.0,33.7,0.532,0.58,0.424,0.625,6.8,3.5,1.1,0.7,2.7,12.9
David Noel,UNC Tar Heels,2004,ACC,Roy Williams,0.892,88.0,37.0,0.0,16.9,0.548,0.595,0.35,0.537,2.6,1.5,0.9,0.3,1.5,3.9
Jawad Williams,UNC Tar Heels,2004,ACC,Roy Williams,0.892,88.0,37.0,37.0,24.0,0.541,0.616,0.381,0.813,4.0,1.4,0.7,0.5,1.7,13.1
Brooks Foster,UNC Tar Heels,2004,ACC,Roy Williams,0.892,88.0,5.0,0.0,1.8,0.0,0.0,0.0,0.333,0.2,0.2,0.4,0.0,0.8,0.2
Damion Grant,UNC Tar Heels,2004,ACC,Roy Williams,0.892,88.0,6.0,0.0,2.8,0.0,0.0,0.0,0.0,0.7,0.0,0.0,0.0,0.5,0.0
Quentin Thomas,UNC Tar Heels,2004,ACC,Roy Williams,0.892,88.0,37.0,1.0,6.3,0.455,0.474,0.333,0.7,0.8,1.3,0.3,0.0,0.8,0.8
C.J. Hooker,UNC Tar Heels,2004,ACC,Roy Williams,0.892,88.0,25.0,1.0,2.0,0.471,0.471,0.0,0.2,0.5,0.1,0.1,0.0,0.1,0.7
Charlie Everett,UNC Tar Heels,2004,ACC,Roy Williams,0.892,88.0,22.0,1.0,2.1,0.625,0.571,1.0,0.333,0.2,0.1,0.0,0.0,0.2,0.5
Byron Sanders,UNC Tar Heels,2004,ACC,Roy Williams,0.892,88.0,26.0,0.0,3.0,0.455,0.455,0.0,0.2,0.9,0.3,0.0,0.0,0.2,0.8
Sean May,UNC Tar Heels,2004,ACC,Roy Williams,0.892,88.0,37.0,36.0,26.8,0.567,0.571,0.0,0.758,10.7,1.7,1.2,1.0,2.4,17.5
Marvin Williams,UNC Tar Heels,2004,ACC,Roy Williams,0.892,88.0,36.0,0.0,22.2,0.506,0.522,0.432,0.847,6.6,0.7,1.1,0.5,2.6,11.3
Melvin Scott,UNC Tar Heels,2004,ACC,Roy Williams,0.892,88.0,37.0,7.0,16.3,0.377,0.439,0.357,0.739,1.4,1.1,0.7,0.1,1.2,5.1
Raymond Felton,UNC Tar Heels,2004,ACC,Roy Williams,0.892,88.0,36.0,35.0,31.7,0.455,0.468,0.44,0.701,4.3,6.9,2.0,0.3,2.0,12.9
Rashad McCants,UNC Tar Heels,2004,ACC,Roy Williams,0.892,88.0,33.0,30.0,25.9,0.489,0.544,0.423,0.722,3.0,2.7,1.3,0.7,2.4,16.0
Jackie Manuel,UNC Tar Heels,2004,ACC,Roy Williams,0.892,88.0,37.0,37.0,21.8,0.49,0.519,0.278,0.598,2.8,1.5,1.3,0.3,2.5,5.5
Jesse Holley,UNC Tar Heels,2004,ACC,Roy Williams,0.892,88.0,10.0,0.0,1.6,0.4,0.5,0.25,0.5,0.4,0.2,0.4,0.1,0.4,1.3
Wes Miller,UNC Tar Heels,2004,ACC,Roy Williams,0.892,88.0,24.0,0.0,3.8,0.3,0.25,0.313,0.692,0.2,0.5,0.0,0.0,0.3,1.1
Reyshawn Terry,UNC Tar Heels,2004,ACC,Roy Williams,0.892,88.0,32.0,0.0,4.5,0.542,0.5,0.6,0.692,0.7,0.2,0.3,0.2,0.5,2.3
Damien Price,UNC Tar Heels,2003,ACC,Roy Williams,0.633,82.1,12.0,1.0,2.0,0.167,0.0,0.5,0.0,0.3,0.2,0.2,0.0,0.1,0.3
Rashad McCants,UNC Tar Heels,2003,ACC,Roy Williams,0.633,82.1,30.0,29.0,32.0,0.479,0.531,0.408,0.748,4.6,2.2,1.8,0.7,2.1,20.0
Jackie Manuel,UNC Tar Heels,2003,ACC,Roy Williams,0.633,82.1,28.0,2.0,20.7,0.559,0.587,0.2,0.492,3.3,1.8,1.0,0.4,3.3,6.5
Damion Grant,UNC Tar Heels,2003,ACC,Roy Williams,0.633,82.1,3.0,0.0,1.7,0.0,0.0,0.0,0.0,1.0,0.0,0.0,0.0,0.7,0.0
Phillip McLamb,UNC Tar Heels,2003,ACC,Roy Williams,0.633,82.1,9.0,1.0,1.4,0.0,0.0,0.0,0.5,0.1,0.0,0.0,0.0,0.0,0.1
Reyshawn Terry,UNC Tar Heels,2003,ACC,Roy Williams,0.633,82.1,25.0,0.0,4.2,0.433,0.48,0.2,0.542,0.9,0.2,0.4,0.1,0.8,1.6
Jesse Holley,UNC Tar Heels,2003,ACC,Roy Williams,0.633,82.1,15.0,0.0,2.5,0.4,0.444,0.0,0.5,0.6,0.2,0.1,0.1,0.6,0.7
Sean May,UNC Tar Heels,2003,ACC,Roy Williams,0.633,82.1,29.0,29.0,28.9,0.463,0.468,0.0,0.689,9.8,1.4,1.4,1.2,2.6,15.2
C.J. Hooker,UNC Tar Heels,2003,ACC,Roy Williams,0.633,82.1,9.0,0.0,1.4,0.4,0.4,0.0,0.0,0.7,0.2,0.1,0.1,0.1,0.4
Justin Bohlander,UNC Tar Heels,2003,ACC,Roy Williams,0.633,82.1,18.0,1.0,7.4,0.318,0.318,0.0,0.615,1.1,0.3,0.3,0.4,0.9,1.2
Jonathan Miller,UNC Tar Heels,2003,ACC,Roy Williams,0.633,82.1,8.0,1.0,1.6,0.5,0.5,0.5,0.0,0.3,0.0,0.0,0.0,0.0,1.3
Jawad Williams,UNC Tar Heels,2003,ACC,Roy Williams,0.633,82.1,29.0,26.0,26.9,0.458,0.5,0.305,0.724,5.4,1.4,0.6,0.4,1.8,12.6
Raymond Felton,UNC Tar Heels,2003,ACC,Roy Williams,0.633,82.1,30.0,30.0,34.6,0.42,0.497,0.313,0.81,4.0,7.1,2.1,0.2,2.3,11.5
Melvin Scott,UNC Tar Heels,2003,ACC,Roy Williams,0.633,82.1,30.0,27.0,31.4,0.404,0.456,0.373,0.691,3.0,2.6,1.4,0.3,2.6,9.9
David Noel,UNC Tar Heels,2003,ACC,Roy Williams,0.633,82.1,24.0,3.0,21.3,0.562,0.623,0.167,0.622,4.9,1.5,1.0,0.3,2.3,5.4
Byron Sanders,UNC Tar Heels,2003,ACC,Roy Williams,0.633,82.1,28.0,0.0,4.7,0.364,0.364,0.0,0.455,1.0,0.1,0.1,0.1,0.9,0.5
Raymond Felton,UNC Tar Heels,2002,ACC,Matt Doherty,0.543,72.1,35.0,35.0,35.4,0.398,0.441,0.358,0.693,4.1,6.7,1.6,0.3,2.6,12.9
David Noel,UNC Tar Heels,2002,ACC,Matt Doherty,0.543,72.1,35.0,17.0,21.9,0.506,0.624,0.281,0.535,3.5,1.4,1.3,0.5,1.7,5.9
Jackie Manuel,UNC Tar Heels,2002,ACC,Matt Doherty,0.543,72.1,35.0,30.0,25.1,0.421,0.508,0.264,0.613,4.0,2.0,1.3,0.8,2.6,7.3
Will Johnson,UNC Tar Heels,2002,ACC,Matt Doherty,0.543,72.1,33.0,2.0,6.6,0.326,0.357,0.313,0.81,1.3,0.4,0.1,0.0,0.7,1.7
Phillip McLamb,UNC Tar Heels,2002,ACC,Matt Doherty,0.543,72.1,6.0,0.0,1.2,1.0,1.0,1.0,0.5,0.3,0.2,0.0,0.2,0.0,1.0
Jonathan Holmes,UNC Tar Heels,2002,ACC,Matt Doherty,0.543,72.1,23.0,1.0,4.2,0.333,0.0,0.444,0.0,0.5,0.2,0.1,0.0,0.3,0.5
Melvin Scott,UNC Tar Heels,2002,ACC,Matt Doherty,0.543,72.1,34.0,4.0,19.7,0.378,0.373,0.38,0.542,1.9,1.1,0.7,0.1,1.4,6.3
Rashad McCants,UNC Tar Heels,2002,ACC,Matt Doherty,0.543,72.1,35.0,31.0,29.9,0.491,0.542,0.414,0.697,4.6,1.5,1.4,0.5,2.7,17.0
Jawad Williams,UNC Tar Heels,2002,ACC,Matt Doherty,0.543,72.1,34.0,33.0,33.4,0.448,0.507,0.331,0.752,5.6,2.0,1.0,1.1,2.1,14.9
Damien Price,UNC Tar Heels,2002,ACC,Matt Doherty,0.543,72.1,6.0,0.0,1.2,0.5,0.5,0.0,0.5,0.2,0.0,0.0,0.0,0.5,0.5
Byron Sanders,UNC Tar Heels,2002,ACC,Matt Doherty,0.543,72.1,35.0,12.0,15.7,0.333,0.333,0.0,0.536,2.4,0.4,0.4,0.3,1.8,1.9
Sean May,UNC Tar Heels,2002,ACC,Matt Doherty,0.543,72.1,11.0,10.0,28.0,0.472,0.49,0.0,0.575,8.1,1.0,1.5,1.8,2.2,11.4
Damion Grant,UNC Tar Heels,2002,ACC,Matt Doherty,0.543,72.1,19.0,0.0,6.4,0.393,0.393,0.0,0.571,1.5,0.0,0.1,0.8,1.1,1.6
Jonathan Miller,UNC Tar Heels,2002,ACC,Matt Doherty,0.543,72.1,6.0,0.0,1.0,0.0,0.0,0.0,0.0,0.0,0.3,0.0,0.0,0.3,0.0
Brian Bersticker,UNC Tar Heels,2001,ACC,Matt Doherty,0.286,72.2,28.0,5.0,11.5,0.566,0.563,0.667,0.625,2.5,0.6,0.2,0.7,2.0,4.0
Adam Boone,UNC Tar Heels,2001,ACC,Matt Doherty,0.286,72.2,28.0,18.0,24.6,0.458,0.492,0.43,0.818,2.2,3.2,0.7,0.1,1.4,7.2
Jonathan Holmes,UNC Tar Heels,2001,ACC,Matt Doherty,0.286,72.2,14.0,0.0,4.6,0.5,0.333,0.571,0.5,0.5,0.7,0.1,0.0,0.2,1.1
Brian Morrison,UNC Tar Heels,2001,ACC,Matt Doherty,0.286,72.2,28.0,4.0,16.9,0.339,0.343,0.336,0.757,1.4,2.6,0.4,0.1,2.6,7.1
Melvin Scott,UNC Tar Heels,2001,ACC,Matt Doherty,0.286,72.2,28.0,21.0,22.9,0.4,0.453,0.35,0.639,1.0,2.0,1.0,0.0,1.8,6.3
Orlando Melendez,UNC Tar Heels,2001,ACC,Matt Doherty,0.286,72.2,17.0,1.0,6.6,0.448,0.647,0.167,0.5,1.3,0.4,0.2,0.3,0.5,1.8
Jawad Williams,UNC Tar Heels,2001,ACC,Matt Doherty,0.286,72.2,28.0,9.0,23.2,0.515,0.565,0.382,0.557,4.2,1.2,0.6,0.6,1.4,9.8
Jackie Manuel,UNC Tar Heels,2001,ACC,Matt Doherty,0.286,72.2,26.0,16.0,20.9,0.329,0.343,0.314,0.566,3.5,2.1,1.0,0.6,2.4,5.5
Jason Capel,UNC Tar Heels,2001,ACC,Matt Doherty,0.286,72.2,25.0,25.0,33.0,0.427,0.523,0.31,0.824,8.6,3.0,1.2,0.1,2.7,15.6
Will Johnson,UNC Tar Heels,2001,ACC,Matt Doherty,0.286,72.2,28.0,16.0,18.1,0.437,0.448,0.429,0.7,2.5,1.4,0.1,0.0,1.7,3.9
Joe Everett,UNC Tar Heels,2001,ACC,Matt Doherty,0.286,72.2,9.0,1.0,1.7,0.429,0.5,0.0,1.0,1.1,0.0,0.2,0.0,0.0,0.9
Damien Price,UNC Tar Heels,2001,ACC,Matt Doherty,0.286,72.2,6.0,0.0,1.7,0.0,0.0,0.0,0.0,0.0,0.0,0.2,0.0,0.2,0.0
Jason Mclamb,UNC Tar Heels,2001,ACC,Matt Doherty,0.286,72.2,,0.0,0.0,0.0,0.0,0.0,0.0,0.0,0.0,0.0,0.0,0.0,0.0
Kris Lang,UNC Tar Heels,2001,ACC,Matt Doherty,0.286,72.2,26.0,24.0,28.1,0.502,0.503,0.0,0.646,6.0,0.9,0.8,1.3,2.4,14.0
Neil Fingleton,UNC Tar Heels,2001,ACC,Matt Doherty,0.286,72.2,1.0,0.0,4.0,0.0,0.0,0.0,0.0,1.0,0.0,0.0,0.0,0.0,0.0
Phillip McLamb,UNC Tar Heels,2001,ACC,Matt Doherty,0.286,72.2,6.0,0.0,1.7,0.0,0.0,0.0,0.5,0.2,0.2,0.0,0.0,0.2,0.2
Jason Capel,UNC Tar Heels,2000,ACC,Matt Doherty,0.788,79.1,33.0,32.0,0.0,0.47,0.523,0.418,0.785,7.3,3.4,1.1,0.3,2.2,11.4
Julius Peppers,UNC Tar Heels,2000,ACC,Matt Doherty,0.788,79.1,25.0,3.0,0.0,0.643,0.643,0.0,0.671,4.0,0.8,0.5,0.2,2.3,7.1
Kris Lang,UNC Tar Heels,2000,ACC,Matt Doherty,0.788,79.1,33.0,28.0,0.0,0.55,0.55,0.0,0.52,5.7,0.7,0.5,0.7,2.3,11.3
Brian Bersticker,UNC Tar Heels,2000,ACC,Matt Doherty,0.788,79.1,20.0,0.0,0.0,0.382,0.448,0.0,0.5,1.1,0.2,0.1,0.4,0.7,1.6
Jim Everett,UNC Tar Heels,2000,ACC,Matt Doherty,0.788,79.1,13.0,1.0,1.6,0.2,0.2,0.0,1.0,0.5,0.1,0.0,0.1,0.4,0.3
Brendan Haywood,UNC Tar Heels,2000,ACC,Matt Doherty,0.788,79.1,33.0,33.0,27.3,0.592,0.592,0.0,0.516,7.3,1.3,0.5,3.6,2.9,12.3
Brian Morrison,UNC Tar Heels,2000,ACC,Matt Doherty,0.788,79.1,32.0,0.0,0.0,0.33,0.279,0.378,0.629,1.1,1.2,0.4,0.1,1.3,3.0
Adam Boone,UNC Tar Heels,2000,ACC,Matt Doherty,0.788,79.1,32.0,7.0,0.0,0.3,0.263,0.323,0.75,0.9,1.4,0.5,0.0,0.8,1.5
Joseph Forte,UNC Tar Heels,2000,ACC,Matt Doherty,0.788,79.1,33.0,32.0,34.7,0.45,0.476,0.377,0.853,6.1,3.5,2.0,0.4,1.8,20.9
Max Owens,UNC Tar Heels,2000,ACC,Matt Doherty,0.788,79.1,30.0,1.0,0.0,0.407,0.5,0.304,0.838,1.4,0.9,0.5,0.1,1.0,5.7
Ronald Curry,UNC Tar Heels,2000,ACC,Matt Doherty,0.788,79.1,28.0,26.0,0.0,0.431,0.5,0.351,0.574,3.4,4.3,1.2,0.0,2.1,5.5
Orlando Melendez,UNC Tar Heels,2000,ACC,Matt Doherty,0.788,79.1,10.0,0.0,2.1,0.5,0.5,0.5,1.0,0.8,0.2,0.2,0.1,0.2,0.8
Will Johnson,UNC Tar Heels,2000,ACC,Matt Doherty,0.788,79.1,22.0,0.0,0.0,0.45,0.538,0.286,0.722,1.2,0.4,0.1,0.0,0.5,1.5
Jonathan Holmes,UNC Tar Heels,2000,ACC,Matt Doherty,0.788,79.1,14.0,0.0,4.1,0.5,0.5,0.5,0.923,0.8,0.8,0.1,0.0,0.6,1.6
Michael Brooker,UNC Tar Heels,2000,ACC,Matt Doherty,0.788,79.1,17.0,2.0,6.6,0.3,0.667,0.235,0.625,0.6,0.6,0.5,0.0,0.8,1.2
Will Johnson,UNC Tar Heels,1999,ACC,Bill Guthridge,0.611,75.4,24.0,0.0,4.3,0.2,0.273,0.0,0.75,0.8,0.0,0.1,0.0,0.0,0.4
Joseph Forte,UNC Tar Heels,1999,ACC,Bill Guthridge,0.611,75.4,36.0,0.0,33.2,0.459,0.504,0.359,0.752,5.5,2.6,1.5,0.4,2.2,16.7
Jonathan Holmes,UNC Tar Heels,1999,ACC,Bill Guthridge,0.611,75.4,25.0,0.0,2.9,0.273,0.4,0.167,0.0,0.2,0.7,0.0,0.0,0.0,0.3
Brendan Haywood,UNC Tar Heels,1999,ACC,Bill Guthridge,0.611,75.4,36.0,0.0,29.8,0.697,0.697,0.0,0.592,7.5,1.0,0.2,2.5,3.0,13.6
Terrence Newby,UNC Tar Heels,1999,ACC,Bill Guthridge,0.611,75.4,30.0,0.0,5.6,0.29,0.421,0.083,0.5,0.5,0.8,0.3,0.1,0.0,0.7
Orlando Melendez,UNC Tar Heels,1999,ACC,Bill Guthridge,0.611,75.4,24.0,0.0,4.1,0.4,0.469,0.125,0.5,1.2,0.3,0.1,0.3,0.0,1.5
Jim Everett,UNC Tar Heels,1999,ACC,Bill Guthridge,0.611,75.4,15.0,0.0,2.1,0.4,0.4,0.0,0.857,0.7,0.1,0.0,0.0,0.0,0.7
Michael Brooker,UNC Tar Heels,1999,ACC,Bill Guthridge,0.611,75.4,18.0,0.0,4.0,0.192,0.2,0.19,0.333,0.5,0.1,0.0,0.0,0.0,0.9
Matt Laczkowski,UNC Tar Heels,1999,ACC,Bill Guthridge,0.611,75.4,7.0,0.0,1.0,0.0,0.0,0.0,0.0,0.1,0.0,0.0,0.0,0.0,0.0
Julius Peppers,UNC Tar Heels,1999,ACC,Bill Guthridge,0.611,75.4,31.0,0.0,0.0,0.571,0.571,0.0,0.596,3.5,0.3,0.6,0.5,0.0,4.5
Kenny White,UNC Tar Heels,1999,ACC,Bill Guthridge,0.611,75.4,6.0,0.0,1.2,0.0,0.0,0.0,0.0,0.2,0.3,0.0,0.0,0.0,0.0
Ed Cota,UNC Tar Heels,1999,ACC,Bill Guthridge,0.611,75.4,35.0,0.0,0.0,0.443,0.476,0.367,0.728,4.4,8.1,1.1,0.1,0.0,10.1
Kris Lang,UNC Tar Heels,1999,ACC,Bill Guthridge,0.611,75.4,35.0,0.0,0.0,0.508,0.508,0.0,0.654,4.3,0.3,0.5,0.6,0.0,8.4
Max Owens,UNC Tar Heels,1999,ACC,Bill Guthridge,0.611,75.4,36.0,0.0,0.0,0.49,0.562,0.37,0.81,1.3,0.8,0.5,0.2,0.0,7.4
Jason Capel,UNC Tar Heels,1999,ACC,Bill Guthridge,0.611,75.4,36.0,0.0,0.0,0.443,0.482,0.38,0.829,6.8,2.6,1.0,0.3,0.0,12.3
Brian Bersticker,UNC Tar Heels,1999,ACC,Bill Guthridge,0.611,75.4,5.0,0.0,0.0,0.706,0.706,0.0,0.333,2.8,0.2,0.4,0.8,0.0,5.0
Ademola Okulaja,UNC Tar Heels,1998,ACC,Bill Guthridge,0.706,71.4,34.0,0.0,0.0,0.442,0.449,0.431,0.745,8.4,2.4,1.4,0.3,0.0,13.9
Brendan Haywood,UNC Tar Heels,1998,ACC,Bill Guthridge,0.706,71.4,34.0,0.0,30.4,0.648,0.648,0.0,0.672,6.9,1.0,0.3,1.8,2.8,12.0
Orlando Melendez,UNC Tar Heels,1998,ACC,Bill Guthridge,0.706,71.4,15.0,0.0,0.0,0.529,0.563,0.0,0.9,0.5,0.1,0.1,0.1,0.0,1.8
Brian Bersticker,UNC Tar Heels,1998,ACC,Bill Guthridge,0.706,71.4,34.0,0.0,0.0,0.517,0.517,0.5,0.778,2.0,0.1,0.2,0.9,0.0,3.1
Michael Brooker,UNC Tar Heels,1998,ACC,Bill Guthridge,0.706,71.4,14.0,0.0,0.0,0.36,0.444,0.313,1.0,0.5,0.6,0.2,0.0,0.0,1.8
Terrence Newby,UNC Tar Heels,1998,ACC,Bill Guthridge,0.706,71.4,24.0,0.0,0.0,0.313,0.154,0.421,0.556,0.7,0.8,0.0,0.0,0.0,1.4
Scott Williams,UNC Tar Heels,1998,ACC,Bill Guthridge,0.706,71.4,16.0,0.0,0.0,0.5,1.0,0.0,0.0,0.1,0.2,0.1,0.0,0.0,0.1
Vasco Evtimov,UNC Tar Heels,1998,ACC,Bill Guthridge,0.706,71.4,16.0,0.0,0.0,0.438,0.444,0.0,0.625,5.0,0.4,0.8,0.0,0.0,4.4
Ronald Curry,UNC Tar Heels,1998,ACC,Bill Guthridge,0.706,71.4,26.0,0.0,0.0,0.245,0.327,0.143,0.618,1.5,1.7,0.4,0.0,0.0,2.8
Jason Capel,UNC Tar Heels,1998,ACC,Bill Guthridge,0.706,71.4,26.0,0.0,0.0,0.429,0.438,0.411,0.854,4.1,2.0,0.9,0.1,0.0,9.1
Max Owens,UNC Tar Heels,1998,ACC,Bill Guthridge,0.706,71.4,31.0,0.0,0.0,0.431,0.47,0.357,0.851,2.1,0.9,0.6,0.2,0.0,7.8
Kris Lang,UNC Tar Heels,1998,ACC,Bill Guthridge,0.706,71.4,34.0,0.0,0.0,0.578,0.578,0.0,0.67,5.4,0.5,0.6,0.5,0.0,10.6
Ed Cota,UNC Tar Heels,1998,ACC,Bill Guthridge,0.706,71.4,32.0,0.0,0.0,0.406,0.402,0.412,0.676,4.3,7.4,1.2,0.2,0.0,10.5
Brad Frederick,UNC Tar Heels,1998,ACC,Bill Guthridge,0.706,71.4,30.0,0.0,0.0,0.429,0.4,0.462,0.5,0.6,0.2,0.1,0.0,0.0,1.1
Orlando Melendez,UNC Tar Heels,1997,ACC,Bill Guthridge,0.895,81.9,3.0,0.0,0.0,1.0,1.0,0.0,0.0,0.3,0.3,0.0,0.3,0.0,1.3
Brian Bersticker,UNC Tar Heels,1997,ACC,Bill Guthridge,0.895,81.9,19.0,0.0,0.0,0.556,0.556,0.0,0.9,1.3,0.3,0.1,0.6,0.0,2.6
Michael Brooker,UNC Tar Heels,1997,ACC,Bill Guthridge,0.895,81.9,22.0,0.0,0.0,0.211,0.25,0.2,0.5,0.5,0.4,0.0,0.0,0.0,0.6
Makhtar N'Diaye,UNC Tar Heels,1997,ACC,Bill Guthridge,0.895,81.9,38.0,0.0,0.0,0.481,0.494,0.273,0.642,4.1,0.8,0.6,1.4,0.0,5.8
Brendan Haywood,UNC Tar Heels,1997,ACC,Bill Guthridge,0.895,81.9,38.0,0.0,0.0,0.53,0.53,0.0,0.635,2.4,0.2,0.3,0.9,0.0,2.9
Ademola Okulaja,UNC Tar Heels,1997,ACC,Bill Guthridge,0.895,81.9,38.0,0.0,0.0,0.414,0.506,0.258,0.623,5.6,2.1,1.2,0.2,0.0,8.0
Terrence Newby,UNC Tar Heels,1997,ACC,Bill Guthridge,0.895,81.9,20.0,0.0,0.0,0.444,0.2,0.75,0.25,0.2,0.6,0.1,0.1,0.0,1.2
Scott Williams,UNC Tar Heels,1997,ACC,Bill Guthridge,0.895,81.9,17.0,0.0,0.0,0.333,0.333,0.0,0.25,0.2,0.4,0.0,0.0,0.0,0.2
Brad Frederick,UNC Tar Heels,1997,ACC,Bill Guthridge,0.895,81.9,24.0,0.0,0.0,0.333,0.5,0.0,0.5,0.6,0.3,0.0,0.0,0.0,0.4
Antawn Jamison,UNC Tar Heels,1997,ACC,Bill Guthridge,0.895,81.9,37.0,0.0,0.0,0.579,0.584,0.4,0.667,10.5,0.8,0.8,0.8,0.0,22.2
Vince Carter,UNC Tar Heels,1997,ACC,Bill Guthridge,0.895,81.9,38.0,0.0,0.0,0.591,0.662,0.411,0.68,5.1,1.9,1.2,0.9,0.0,15.6
Max Owens,UNC Tar Heels,1997,ACC,Bill Guthridge,0.895,81.9,22.0,0.0,0.0,0.387,0.45,0.273,0.5,0.8,0.2,0.2,0.1,0.0,1.4
Ed Cota,UNC Tar Heels,1997,ACC,Bill Guthridge,0.895,81.9,37.0,0.0,0.0,0.493,0.529,0.303,0.824,3.6,7.4,1.6,0.2,0.0,8.1
Shammond Williams,UNC Tar Heels,1997,ACC,Bill Guthridge,0.895,81.9,38.0,0.0,0.0,0.488,0.577,0.4,0.911,3.2,4.2,1.0,0.1,0.0,16.8
Shammond Williams,UNC Tar Heels,1996,ACC,Dean Smith,0.8,77.4,35.0,0.0,32.7,0.422,0.429,0.419,0.815,3.3,4.4,0.9,0.0,1.9,14.1
Ed Cota,UNC Tar Heels,1996,ACC,Dean Smith,0.8,77.4,34.0,0.0,0.0,0.487,0.512,0.32,0.712,2.7,6.9,1.7,0.2,0.0,8.0
Webb Tyndall,UNC Tar Heels,1996,ACC,Dean Smith,0.8,77.4,17.0,0.0,0.0,0.143,0.0,0.2,0.8,0.4,0.2,0.1,0.0,0.0,0.6
Ryan Sullivan,UNC Tar Heels,1996,ACC,Dean Smith,0.8,77.4,16.0,0.0,0.0,0.286,0.2,0.5,0.5,0.3,0.3,0.1,0.0,0.0,0.8
Serge Zwikker,UNC Tar Heels,1996,ACC,Dean Smith,0.8,77.4,35.0,0.0,0.0,0.492,0.493,0.333,0.758,8.1,0.3,0.4,1.7,0.0,11.5
Brad Frederick,UNC Tar Heels,1996,ACC,Dean Smith,0.8,77.4,16.0,0.0,0.0,0.2,0.333,0.0,0.0,0.4,0.0,0.0,0.0,0.0,0.1
Terrence Newby,UNC Tar Heels,1996,ACC,Dean Smith,0.8,77.4,12.0,0.0,0.0,0.385,0.429,0.333,0.25,0.4,0.2,0.2,0.0,0.0,1.1
Ademola Okulaja,UNC Tar Heels,1996,ACC,Dean Smith,0.8,77.4,35.0,0.0,0.0,0.416,0.462,0.36,0.576,6.5,2.7,1.5,0.2,0.0,8.0
Charlie McNairy,UNC Tar Heels,1996,ACC,Dean Smith,0.8,77.4,23.0,0.0,0.0,0.385,0.385,0.0,0.368,1.2,0.1,0.2,0.0,0.0,0.7
Makhtar N'Diaye,UNC Tar Heels,1996,ACC,Dean Smith,0.8,77.4,33.0,0.0,7.8,0.406,0.397,1.0,0.444,1.6,0.2,0.2,0.5,0.0,1.8
Vasco Evtimov,UNC Tar Heels,1996,ACC,Dean Smith,0.8,77.4,22.0,0.0,3.7,0.387,0.333,0.75,0.769,1.4,0.3,0.3,0.1,0.0,1.5
Vince Carter,UNC Tar Heels,1996,ACC,Dean Smith,0.8,77.4,34.0,0.0,27.6,0.525,0.622,0.336,0.75,4.5,2.4,1.4,0.8,2.1,13.0
Antawn Jamison,UNC Tar Heels,1996,ACC,Dean Smith,0.8,77.4,35.0,0.0,34.3,0.544,0.553,0.182,0.621,9.4,0.9,1.1,0.6,2.7,19.1
Antawn Jamison,UNC Tar Heels,1995,ACC,Dean Smith,0.656,77.6,32.0,29.0,32.9,0.624,0.626,0.0,0.526,9.7,1.0,0.8,1.0,2.2,15.1
David Neal,UNC Tar Heels,1995,ACC,Dean Smith,0.656,77.6,15.0,1.0,2.4,0.5,0.5,0.5,0.5,0.3,0.5,0.1,0.0,0.2,0.4
Clyde Lynn,UNC Tar Heels,1995,ACC,Dean Smith,0.656,77.6,16.0,1.0,1.8,0.25,0.2,0.286,0.75,0.4,0.1,0.1,0.0,0.3,0.7
Serge Zwikker,UNC Tar Heels,1995,ACC,Dean Smith,0.656,77.6,32.0,31.0,29.5,0.517,0.517,0.0,0.617,6.2,0.7,0.1,1.5,2.3,9.5
Ryan Sullivan,UNC Tar Heels,1995,ACC,Dean Smith,0.656,77.6,11.0,0.0,1.5,1.0,1.0,1.0,0.0,0.4,0.2,0.1,0.0,0.0,1.0
Dante Calabria,UNC Tar Heels,1995,ACC,Dean Smith,0.656,77.6,32.0,32.0,35.1,0.425,0.472,0.395,0.709,4.3,4.2,1.0,0.0,1.9,12.7
Ademola Okulaja,UNC Tar Heels,1995,ACC,Dean Smith,0.656,77.6,32.0,14.0,25.9,0.525,0.543,0.488,0.742,5.2,2.2,1.1,0.3,2.2,6.2
Vince Carter,UNC Tar Heels,1995,ACC,Dean Smith,0.656,77.6,31.0,19.0,17.9,0.492,0.554,0.345,0.689,3.8,1.3,0.6,0.6,1.8,7.5
Charlie McNairy,UNC Tar Heels,1995,ACC,Dean Smith,0.656,77.6,15.0,0.0,2.5,0.7,0.7,0.0,0.733,0.5,0.3,0.0,0.0,0.3,1.7
Ed Geth,UNC Tar Heels,1995,ACC,Dean Smith,0.656,77.6,24.0,1.0,3.6,0.407,0.44,0.0,0.389,0.8,0.3,0.0,0.0,0.3,1.2
Jeff McInnis,UNC Tar Heels,1995,ACC,Dean Smith,0.656,77.6,31.0,29.0,34.4,0.435,0.466,0.392,0.8,2.6,5.5,1.2,0.0,2.3,16.5
Webb Tyndall,UNC Tar Heels,1995,ACC,Dean Smith,0.656,77.6,8.0,0.0,1.0,0.0,0.0,0.0,0.5,0.0,0.5,0.0,0.0,0.0,0.1
Shammond Williams,UNC Tar Heels,1995,ACC,Dean Smith,0.656,77.6,32.0,3.0,20.7,0.452,0.543,0.397,0.768,2.6,2.0,0.5,0.0,1.4,8.3
Ed Geth,UNC Tar Heels,1994,ACC,Dean Smith,0.824,84.4,17.0,1.0,4.6,0.536,0.536,0.0,0.273,1.4,0.1,0.2,0.1,0.4,1.9
Clyde Lynn,UNC Tar Heels,1994,ACC,Dean Smith,0.824,84.4,12.0,0.0,3.1,0.125,0.0,0.167,0.5,0.2,0.3,0.3,0.0,0.6,0.3
David Neal,UNC Tar Heels,1994,ACC,Dean Smith,0.824,84.4,11.0,0.0,1.5,0.25,0.5,0.0,0.5,0.3,0.1,0.2,0.0,0.1,0.3
Serge Zwikker,UNC Tar Heels,1994,ACC,Dean Smith,0.824,84.4,34.0,0.0,10.0,0.488,0.488,0.0,0.677,3.0,0.3,0.1,0.4,1.2,2.9
Shammond Williams,UNC Tar Heels,1994,ACC,Dean Smith,0.824,84.4,29.0,0.0,4.6,0.387,0.545,0.3,0.857,0.4,0.7,0.2,0.0,0.3,1.7
Pearce Landry,UNC Tar Heels,1994,ACC,Dean Smith,0.824,84.4,34.0,2.0,15.2,0.454,0.538,0.397,0.815,1.6,1.6,0.4,0.1,1.4,3.9
Donald Williams,UNC Tar Heels,1994,ACC,Dean Smith,0.824,84.4,34.0,34.0,34.2,0.428,0.455,0.399,0.629,2.9,2.4,0.7,0.1,1.1,15.5
Jeff McInnis,UNC Tar Heels,1994,ACC,Dean Smith,0.824,84.4,34.0,32.0,28.9,0.491,0.544,0.393,0.667,4.1,5.3,1.3,0.0,2.2,12.4
Dante Calabria,UNC Tar Heels,1994,ACC,Dean Smith,0.824,84.4,33.0,33.0,33.3,0.506,0.519,0.496,0.719,4.8,2.7,1.2,0.1,2.0,10.5
Pat Sullivan,UNC Tar Heels,1994,ACC,Dean Smith,0.824,84.4,13.0,1.0,9.2,0.529,0.667,0.2,0.75,1.4,0.5,0.2,0.1,0.7,2.2
Charlie McNairy,UNC Tar Heels,1994,ACC,Dean Smith,0.824,84.4,12.0,0.0,2.3,0.5,0.5,0.0,0.0,0.7,0.3,0.1,0.0,0.5,1.0
Rasheed Wallace,UNC Tar Heels,1994,ACC,Dean Smith,0.824,84.4,34.0,34.0,30.3,0.654,0.657,0.333,0.631,8.2,1.0,0.5,2.7,2.8,16.6
Octavus Barnes,UNC Tar Heels,1994,ACC,Dean Smith,0.824,84.4,5.0,0.0,0.0,0.0,0.0,0.0,0.0,0.0,0.0,0.0,0.0,0.0,0.0
Jerry Stackhouse,UNC Tar Heels,1994,ACC,Dean Smith,0.824,84.4,34.0,33.0,34.4,0.517,0.546,0.411,0.712,8.2,2.7,1.5,1.7,2.2,19.2
Larry Davis,UNC Tar Heels,1993,ACC,Dean Smith,0.8,85.6,17.0,0.0,2.9,0.667,0.737,0.0,0.8,0.7,0.5,0.3,0.0,0.2,2.4
Serge Zwikker,UNC Tar Heels,1993,ACC,Dean Smith,0.8,85.6,19.0,0.0,3.3,0.524,0.524,0.0,0.75,0.7,0.1,0.2,0.4,0.6,1.5
Eric Montross,UNC Tar Heels,1993,ACC,Dean Smith,0.8,85.6,35.0,35.0,31.7,0.56,0.56,0.0,0.558,8.1,0.8,0.5,1.8,3.0,13.6
Rasheed Wallace,UNC Tar Heels,1993,ACC,Dean Smith,0.8,85.6,35.0,7.0,20.9,0.604,0.607,0.0,0.604,6.6,0.5,0.7,1.8,2.3,9.5
Donald Williams,UNC Tar Heels,1993,ACC,Dean Smith,0.8,85.6,26.0,0.0,27.5,0.422,0.48,0.339,0.77,2.4,2.2,1.0,0.1,1.1,14.3
Jeff McInnis,UNC Tar Heels,1993,ACC,Dean Smith,0.8,85.6,35.0,1.0,14.6,0.458,0.489,0.415,0.638,1.7,2.4,0.7,0.0,0.9,5.6
Brian Reese,UNC Tar Heels,1993,ACC,Dean Smith,0.8,85.6,34.0,0.0,21.1,0.489,0.54,0.188,0.511,3.9,2.8,0.6,0.1,1.4,7.9
Derrick Phelps,UNC Tar Heels,1993,ACC,Dean Smith,0.8,85.6,33.0,33.0,27.5,0.49,0.545,0.379,0.748,3.8,5.3,1.8,0.1,1.8,9.2
Kevin Salvadori,UNC Tar Heels,1993,ACC,Dean Smith,0.8,85.6,35.0,28.0,20.9,0.557,0.557,0.0,0.661,5.9,0.5,0.5,1.7,2.1,6.9
Jerry Stackhouse,UNC Tar Heels,1993,ACC,Dean Smith,0.8,85.6,35.0,1.0,21.0,0.466,0.493,0.1,0.732,5.0,2.0,1.2,0.5,1.6,12.2
Pearce Landry,UNC Tar Heels,1993,ACC,Dean Smith,0.8,85.6,21.0,0.0,3.0,0.435,0.643,0.111,0.833,0.3,0.5,0.2,0.0,0.4,1.2
Dante Calabria,UNC Tar Heels,1993,ACC,Dean Smith,0.8,85.6,35.0,0.0,20.4,0.431,0.531,0.347,0.724,2.9,2.4,1.1,0.1,2.1,8.1
Matt Wenstrom,UNC Tar Heels,1992,ACC,Dean Smith,0.895,86.1,33.0,1.0,5.0,0.557,0.567,0.0,0.593,1.4,0.2,0.0,0.2,0.5,2.5
Pearce Landry,UNC Tar Heels,1992,ACC,Dean Smith,0.895,86.1,1.0,0.0,1.0,0.0,0.0,0.0,0.0,1.0,1.0,1.0,0.0,1.0,0.0
Ed Geth,UNC Tar Heels,1992,ACC,Dean Smith,0.895,86.1,21.0,0.0,3.2,0.64,0.64,0.0,0.706,1.3,0.0,0.2,0.0,0.7,2.1
Scott Cherry,UNC Tar Heels,1992,ACC,Dean Smith,0.895,86.1,33.0,2.0,4.8,0.606,0.64,0.5,0.714,0.7,0.9,0.3,0.0,0.5,2.1
Dante Calabria,UNC Tar Heels,1992,ACC,Dean Smith,0.895,86.1,35.0,0.0,7.1,0.462,0.517,0.391,0.778,0.8,0.8,0.3,0.0,0.7,1.8
Kevin Salvadori,UNC Tar Heels,1992,ACC,Dean Smith,0.895,86.1,38.0,2.0,13.3,0.458,0.458,0.0,0.704,3.6,0.3,0.2,1.2,2.1,4.5
Eric Montross,UNC Tar Heels,1992,ACC,Dean Smith,0.895,86.1,38.0,36.0,28.3,0.615,0.615,0.0,0.684,7.6,0.7,0.6,1.2,3.0,15.8
Brian Reese,UNC Tar Heels,1992,ACC,Dean Smith,0.895,86.1,35.0,30.0,24.0,0.507,0.542,0.367,0.692,3.6,2.4,0.7,0.2,1.0,11.4
George Lynch,UNC Tar Heels,1992,ACC,Dean Smith,0.895,86.1,38.0,37.0,30.2,0.501,0.509,0.182,0.667,9.6,1.9,2.3,0.6,2.2,14.7
Larry Davis,UNC Tar Heels,1992,ACC,Dean Smith,0.895,86.1,21.0,0.0,3.5,0.35,0.387,0.222,0.609,0.8,0.2,0.3,0.0,0.2,2.1
Travis Stephenson,UNC Tar Heels,1992,ACC,Dean Smith,0.895,86.1,21.0,1.0,2.5,0.455,0.5,0.0,0.0,0.3,0.1,0.0,0.0,0.0,0.5
Pat Sullivan,UNC Tar Heels,1992,ACC,Dean Smith,0.895,86.1,38.0,8.0,16.7,0.518,0.564,0.3,0.789,2.4,1.3,0.7,0.1,1.1,6.4
Derrick Phelps,UNC Tar Heels,1992,ACC,Dean Smith,0.895,86.1,36.0,33.0,28.1,0.457,0.492,0.313,0.675,4.4,5.4,2.3,0.1,1.9,8.1
Henrik Rodl,UNC Tar Heels,1992,ACC,Dean Smith,0.895,86.1,38.0,26.0,19.5,0.496,0.655,0.355,0.658,1.5,3.6,1.0,0.3,1.3,4.3
Donald Williams,UNC Tar Heels,1992,ACC,Dean Smith,0.895,86.1,37.0,14.0,24.3,0.458,0.503,0.417,0.829,1.9,1.2,1.0,0.1,1.4,14.3
Eric Montross,UNC Tar Heels,1991,ACC,Dean Smith,0.697,83.5,31.0,25.0,25.3,0.574,0.574,0.0,0.624,7.0,0.6,0.5,1.0,3.6,11.2
Travis Stephenson,UNC Tar Heels,1991,ACC,Dean Smith,0.697,83.5,8.0,0.0,2.1,1.0,1.0,0.0,0.0,0.1,0.0,0.1,0.1,0.0,0.8
Jason Burgess,UNC Tar Heels,1991,ACC,Dean Smith,0.697,83.5,13.0,1.0,3.0,0.0,0.0,0.0,0.25,0.5,0.2,0.3,0.0,0.4,0.1
Hubert Davis,UNC Tar Heels,1991,ACC,Dean Smith,0.697,83.5,33.0,30.0,33.2,0.508,0.565,0.429,0.828,2.3,1.6,1.3,0.2,1.3,21.4
Larry Smith,UNC Tar Heels,1991,ACC,Dean Smith,0.697,83.5,11.0,0.0,2.3,0.444,0.444,0.0,1.0,0.9,0.2,0.0,0.0,0.3,0.9
George Lynch,UNC Tar Heels,1991,ACC,Dean Smith,0.697,83.5,33.0,32.0,29.8,0.539,0.549,0.125,0.649,8.8,2.6,2.0,0.3,3.2,13.9
Pat Sullivan,UNC Tar Heels,1991,ACC,Dean Smith,0.697,83.5,32.0,11.0,18.2,0.474,0.544,0.233,0.809,2.8,1.4,0.6,0.2,1.6,5.3
Henrik Rodl,UNC Tar Heels,1991,ACC,Dean Smith,0.697,83.5,33.0,8.0,14.8,0.534,0.62,0.348,0.556,1.5,2.5,0.8,0.2,1.4,3.1
Donald Williams,UNC Tar Heels,1991,ACC,Dean Smith,0.697,83.5,29.0,0.0,4.3,0.377,0.447,0.29,0.571,0.7,0.6,0.1,0.0,0.4,2.2
Derrick Phelps,UNC Tar Heels,1991,ACC,Dean Smith,0.697,83.5,33.0,33.0,31.1,0.4,0.434,0.283,0.712,3.5,6.3,2.4,0.3,2.3,9.2
Matt Wenstrom,UNC Tar Heels,1991,ACC,Dean Smith,0.697,83.5,30.0,1.0,5.1,0.558,0.558,0.0,0.5,1.3,0.4,0.1,0.1,0.7,2.1
Kevin Salvadori,UNC Tar Heels,1991,ACC,Dean Smith,0.697,83.5,33.0,7.0,15.0,0.545,0.545,0.0,0.742,3.7,0.3,0.2,1.9,2.2,5.9
Scott Cherry,UNC Tar Heels,1991,ACC,Dean Smith,0.697,83.5,15.0,0.0,4.7,0.158,0.154,0.167,0.444,1.0,0.5,0.1,0.1,0.7,0.7
Brian Reese,UNC Tar Heels,1991,ACC,Dean Smith,0.697,83.5,32.0,18.0,22.5,0.49,0.536,0.314,0.776,3.9,2.2,0.5,0.1,1.4,9.8
George Lynch,UNC Tar Heels,1990,ACC,Dean Smith,0.829,87.6,35.0,28.0,26.1,0.523,0.517,0.7,0.63,7.4,1.2,1.4,0.4,2.6,12.5
Eric Montross,UNC Tar Heels,1990,ACC,Dean Smith,0.829,87.6,35.0,9.0,15.2,0.587,0.587,0.0,0.612,4.2,0.3,0.2,0.9,2.3,5.8
Clifford Rozier,UNC Tar Heels,1990,ACC,Dean Smith,0.829,87.6,34.0,1.0,9.3,0.471,0.471,0.0,0.565,3.0,0.5,0.4,0.5,1.2,4.9
Derrick Phelps,UNC Tar Heels,1990,ACC,Dean Smith,0.829,87.6,30.0,4.0,9.8,0.49,0.548,0.222,0.762,1.1,1.9,0.9,0.1,1.0,2.3
Kevin Salvadori,UNC Tar Heels,1990,ACC,Dean Smith,0.829,87.6,31.0,0.0,3.3,0.514,0.514,0.0,0.632,0.9,0.0,0.0,0.3,0.4,1.5
King Rice,UNC Tar Heels,1990,ACC,Dean Smith,0.829,87.6,35.0,30.0,28.1,0.457,0.478,0.413,0.725,1.8,5.9,1.1,0.0,1.5,8.2
Brian Reese,UNC Tar Heels,1990,ACC,Dean Smith,0.829,87.6,33.0,2.0,8.8,0.533,0.53,0.6,0.545,1.6,0.5,0.3,0.1,0.4,4.0
Pete Chilcutt,UNC Tar Heels,1990,ACC,Dean Smith,0.829,87.6,35.0,33.0,26.8,0.538,0.556,0.263,0.765,6.6,1.3,1.2,1.0,1.1,12.0
Kenny Harris,UNC Tar Heels,1990,ACC,Dean Smith,0.829,87.6,27.0,1.0,4.4,0.333,0.4,0.235,0.727,0.8,0.4,0.3,0.0,0.5,1.5
Hubert Davis,UNC Tar Heels,1990,ACC,Dean Smith,0.829,87.6,35.0,20.0,24.3,0.521,0.545,0.489,0.835,2.4,1.9,0.9,0.3,1.0,13.3
Rick Fox,UNC Tar Heels,1990,ACC,Dean Smith,0.829,87.6,35.0,32.0,28.5,0.453,0.537,0.342,0.804,6.6,3.7,2.0,0.5,2.9,16.9
Pat Sullivan,UNC Tar Heels,1990,ACC,Dean Smith,0.829,87.6,34.0,1.0,4.9,0.435,0.5,0.2,0.65,0.6,0.5,0.2,0.0,0.5,1.0
Scott Cherry,UNC Tar Heels,1990,ACC,Dean Smith,0.829,87.6,20.0,1.0,2.9,0.714,0.692,1.0,0.692,0.4,0.6,0.3,0.1,0.1,1.5
Matt Wenstrom,UNC Tar Heels,1990,ACC,Dean Smith,0.829,87.6,24.0,0.0,2.5,0.333,0.333,0.0,0.583,0.9,0.0,0.0,0.1,0.3,0.7
Henrik Rodl,UNC Tar Heels,1990,ACC,Dean Smith,0.829,87.6,35.0,13.0,12.3,0.568,0.63,0.444,0.622,1.5,1.8,0.4,0.2,1.1,3.6
Jeff Denny,UNC Tar Heels,1989,ACC,Dean Smith,0.618,82.6,31.0,4.0,8.3,0.351,0.455,0.326,0.727,0.1,1.3,0.2,0.0,0.6,2.0
Henrik Rodl,UNC Tar Heels,1989,ACC,Dean Smith,0.618,82.6,34.0,5.0,8.4,0.491,0.56,0.433,0.5,0.7,0.6,0.4,0.1,0.7,2.3
Pete Chilcutt,UNC Tar Heels,1989,ACC,Dean Smith,0.618,82.6,34.0,28.0,27.0,0.514,0.529,0.4,0.714,6.6,1.4,1.2,0.9,1.6,9.0
Matt Wenstrom,UNC Tar Heels,1989,ACC,Dean Smith,0.618,82.6,32.0,0.0,3.2,0.526,0.526,0.0,0.643,0.6,0.1,0.0,0.2,0.5,0.9
John Greene,UNC Tar Heels,1989,ACC,Dean Smith,0.618,82.6,10.0,1.0,2.1,0.2,0.2,0.0,0.0,0.9,0.0,0.0,0.0,0.0,0.4
King Rice,UNC Tar Heels,1989,ACC,Dean Smith,0.618,82.6,34.0,31.0,32.9,0.406,0.469,0.309,0.754,2.0,6.4,1.6,0.0,1.5,9.2
Hubert Davis,UNC Tar Heels,1989,ACC,Dean Smith,0.618,82.6,34.0,6.0,21.3,0.446,0.486,0.396,0.797,1.8,1.5,1.0,0.2,1.2,9.6
Kenny Harris,UNC Tar Heels,1989,ACC,Dean Smith,0.618,82.6,32.0,2.0,3.3,0.404,0.458,0.348,0.588,0.4,0.4,0.2,0.0,0.4,1.8
George Lynch,UNC Tar Heels,1989,ACC,Dean Smith,0.618,82.6,34.0,5.0,19.5,0.521,0.524,0.333,0.663,5.4,1.0,1.1,0.4,3.1,8.6
Scott Williams,UNC Tar Heels,1989,ACC,Dean Smith,0.618,82.6,33.0,30.0,24.6,0.554,0.563,0.143,0.615,7.3,0.8,1.1,1.2,3.5,14.5
Kevin Madden,UNC Tar Heels,1989,ACC,Dean Smith,0.618,82.6,31.0,28.0,26.4,0.569,0.593,0.167,0.707,4.7,1.9,0.9,0.2,1.8,10.1
Scott Cherry,UNC Tar Heels,1989,ACC,Dean Smith,0.618,82.6,8.0,0.0,2.1,0.143,0.25,0.0,0.0,0.1,0.3,0.1,0.1,0.1,0.3
Rick Fox,UNC Tar Heels,1989,ACC,Dean Smith,0.618,82.6,34.0,30.0,28.9,0.522,0.581,0.438,0.735,4.6,2.5,1.6,0.2,3.3,16.2
J.R. Reid,UNC Tar Heels,1988,ACC,Dean Smith,0.784,90.0,27.0,16.0,26.5,0.614,0.614,0.0,0.669,6.3,1.3,0.9,0.8,3.0,15.9
John Greene,UNC Tar Heels,1988,ACC,Dean Smith,0.784,90.0,17.0,0.0,1.5,0.333,0.333,0.0,0.8,0.2,0.0,0.0,0.1,0.0,0.5
Bill Akins,UNC Tar Heels,1988,ACC,Dean Smith,0.784,90.0,10.0,0.0,2.0,0.333,0.333,0.0,0.5,0.3,0.1,0.1,0.0,0.1,0.6
Marty Hensley,UNC Tar Heels,1988,ACC,Dean Smith,0.784,90.0,21.0,0.0,2.3,0.313,0.333,0.0,0.571,0.5,0.0,0.0,0.0,0.3,0.7
Steve Bucknall,UNC Tar Heels,1988,ACC,Dean Smith,0.784,90.0,37.0,30.0,28.7,0.462,0.497,0.419,0.785,4.1,5.3,1.1,0.1,2.2,13.1
Jeff Lebo,UNC Tar Heels,1988,ACC,Dean Smith,0.784,90.0,32.0,30.0,30.7,0.431,0.531,0.375,0.864,2.6,4.4,1.2,0.1,2.3,12.2
King Rice,UNC Tar Heels,1988,ACC,Dean Smith,0.784,90.0,37.0,21.0,20.4,0.435,0.459,0.391,0.822,1.3,4.1,0.9,0.0,1.0,5.2
Jeff Denny,UNC Tar Heels,1988,ACC,Dean Smith,0.784,90.0,35.0,0.0,5.1,0.421,0.267,0.522,0.815,0.5,0.7,0.2,0.0,0.5,1.9
Scott Williams,UNC Tar Heels,1988,ACC,Dean Smith,0.784,90.0,35.0,30.0,22.9,0.556,0.559,0.0,0.654,7.3,0.7,0.9,1.4,3.2,11.4
David May,UNC Tar Heels,1988,ACC,Dean Smith,0.784,90.0,20.0,1.0,2.0,0.4,0.5,0.0,0.0,0.3,0.4,0.1,0.0,0.3,0.2
Pete Chilcutt,UNC Tar Heels,1988,ACC,Dean Smith,0.784,90.0,37.0,13.0,20.3,0.537,0.543,0.375,0.623,5.4,1.4,0.6,0.2,0.8,6.9
Hubert Davis,UNC Tar Heels,1988,ACC,Dean Smith,0.784,90.0,35.0,0.0,7.1,0.512,0.548,0.308,0.774,0.8,0.3,0.1,0.0,0.3,3.3
Kevin Madden,UNC Tar Heels,1988,ACC,Dean Smith,0.784,90.0,37.0,27.0,26.1,0.588,0.617,0.258,0.61,4.8,1.9,1.0,0.5,1.8,14.6
Rick Fox,UNC Tar Heels,1988,ACC,Dean Smith,0.784,90.0,37.0,17.0,22.4,0.583,0.598,0.448,0.79,3.8,2.1,1.3,0.4,3.3,11.5
Rodney Hyatt,UNC Tar Heels,1987,ACC,Dean Smith,0.794,82.1,13.0,0.0,1.5,0.273,0.25,0.333,0.5,0.1,0.3,0.1,0.0,0.0,0.8
Scott Williams,UNC Tar Heels,1987,ACC,Dean Smith,0.794,82.1,34.0,33.0,26.5,0.572,0.576,0.429,0.673,6.4,1.2,1.3,1.3,3.6,12.8
Jeff Lebo,UNC Tar Heels,1987,ACC,Dean Smith,0.794,82.1,33.0,33.0,33.8,0.436,0.393,0.464,0.878,2.6,4.8,1.0,0.0,2.0,12.2
Steve Bucknall,UNC Tar Heels,1987,ACC,Dean Smith,0.794,82.1,33.0,27.0,29.1,0.493,0.495,0.474,0.798,4.2,3.8,1.0,0.1,2.0,9.1
Rick Fox,UNC Tar Heels,1987,ACC,Dean Smith,0.794,82.1,34.0,3.0,10.9,0.628,0.659,0.333,0.5,1.9,0.9,0.8,0.1,2.0,4.0
Ranzino Smith,UNC Tar Heels,1987,ACC,Dean Smith,0.794,82.1,31.0,18.0,20.7,0.502,0.607,0.406,0.897,1.6,1.3,0.5,0.0,1.2,11.7
J.R. Reid,UNC Tar Heels,1987,ACC,Dean Smith,0.794,82.1,33.0,33.0,31.6,0.607,0.607,0.0,0.68,8.9,1.7,1.2,1.2,3.4,18.0
Doug Elstun,UNC Tar Heels,1987,ACC,Dean Smith,0.794,82.1,12.0,0.0,1.3,0.25,0.25,0.0,1.0,0.0,0.0,0.0,0.0,0.1,0.3
Pete Chilcutt,UNC Tar Heels,1987,ACC,Dean Smith,0.794,82.1,34.0,3.0,16.9,0.564,0.569,0.0,0.706,3.2,1.3,0.3,0.3,0.9,4.9
Joe Jenkins,UNC Tar Heels,1987,ACC,Dean Smith,0.794,82.1,15.0,0.0,3.2,0.636,0.636,0.0,0.0,0.8,0.3,0.1,0.0,0.2,0.9
Jeff Denny,UNC Tar Heels,1987,ACC,Dean Smith,0.794,82.1,16.0,0.0,2.9,0.538,0.538,0.0,0.4,0.6,0.4,0.0,0.0,0.1,1.0
David May,UNC Tar Heels,1987,ACC,Dean Smith,0.794,82.1,15.0,0.0,1.8,0.5,0.5,0.0,0.4,0.5,0.1,0.1,0.0,0.2,0.3
King Rice,UNC Tar Heels,1987,ACC,Dean Smith,0.794,82.1,34.0,1.0,10.4,0.393,0.455,0.167,0.8,0.8,1.6,0.6,0.0,0.6,2.1
Kevin Madden,UNC Tar Heels,1987,ACC,Dean Smith,0.794,82.1,32.0,19.0,22.5,0.575,0.607,0.463,0.683,2.8,1.6,0.8,0.2,1.3,8.6
Dave Popson,UNC Tar Heels,1986,ACC,Dean Smith,0.889,91.3,36.0,34.0,22.3,0.541,0.543,0.0,0.771,4.8,1.3,0.7,0.8,2.7,10.0
J.R. Reid,UNC Tar Heels,1986,ACC,Dean Smith,0.889,91.3,36.0,31.0,28.6,0.584,0.584,0.0,0.653,7.4,1.8,1.3,0.8,3.1,14.7
Curtis Hunter,UNC Tar Heels,1986,ACC,Dean Smith,0.889,91.3,32.0,8.0,14.8,0.551,0.562,0.0,0.698,2.4,1.8,0.6,0.0,1.4,4.6
Rodney Hyatt,UNC Tar Heels,1986,ACC,Dean Smith,0.889,91.3,15.0,0.0,3.4,0.6,0.625,0.5,0.875,0.4,0.9,0.0,0.0,0.4,1.3
Jeff Lebo,UNC Tar Heels,1986,ACC,Dean Smith,0.889,91.3,34.0,34.0,31.1,0.532,0.618,0.45,0.849,2.1,4.2,1.4,0.1,2.1,13.5
Ranzino Smith,UNC Tar Heels,1986,ACC,Dean Smith,0.889,91.3,36.0,4.0,16.1,0.529,0.575,0.448,0.759,1.4,1.6,0.8,0.0,0.9,7.5
Joe Wolf,UNC Tar Heels,1986,ACC,Dean Smith,0.889,91.3,34.0,34.0,29.6,0.571,0.571,0.575,0.793,7.1,2.9,1.3,0.3,2.5,15.2
Jeff Denny,UNC Tar Heels,1986,ACC,Dean Smith,0.889,91.3,21.0,0.0,3.2,0.5,0.375,0.667,0.667,0.4,0.2,0.0,0.0,0.1,1.1
Michael Norwood,UNC Tar Heels,1986,ACC,Dean Smith,0.889,91.3,22.0,1.0,4.0,0.353,0.455,0.167,0.625,0.2,0.3,0.2,0.0,0.5,1.0
Kenny Smith,UNC Tar Heels,1986,ACC,Dean Smith,0.889,91.3,34.0,34.0,32.1,0.502,0.602,0.408,0.807,2.2,6.1,1.5,0.1,1.4,16.9
Scott Williams,UNC Tar Heels,1986,ACC,Dean Smith,0.889,91.3,36.0,1.0,15.0,0.497,0.5,0.0,0.558,4.2,0.9,0.8,0.8,2.6,5.5
Steve Bucknall,UNC Tar Heels,1986,ACC,Dean Smith,0.889,91.3,36.0,0.0,12.0,0.495,0.5,0.0,0.712,1.9,1.2,0.5,0.0,1.3,3.7
Marty Hensley,UNC Tar Heels,1986,ACC,Dean Smith,0.889,91.3,20.0,0.0,4.0,0.524,0.524,0.0,0.6,0.9,0.1,0.2,0.1,0.5,1.7
Kevin Madden,UNC Tar Heels,1985,ACC,Dean Smith,0.824,86.6,34.0,0.0,10.7,0.591,0.0,0.0,0.696,1.8,1.1,0.3,0.2,1.0,4.9
Steve Hale,UNC Tar Heels,1985,ACC,Dean Smith,0.824,86.6,31.0,31.0,29.0,0.532,0.0,0.0,0.825,3.2,4.9,1.8,0.1,2.5,11.3
Steve Bucknall,UNC Tar Heels,1985,ACC,Dean Smith,0.824,86.6,24.0,0.0,6.3,0.491,0.0,0.0,0.412,1.5,0.8,0.3,0.0,0.6,2.5
Ranzino Smith,UNC Tar Heels,1985,ACC,Dean Smith,0.824,86.6,29.0,0.0,6.6,0.595,0.0,0.0,0.8,1.0,0.6,0.3,0.0,0.8,4.6
Michael Norwood,UNC Tar Heels,1985,ACC,Dean Smith,0.824,86.6,13.0,0.0,2.9,0.222,0.0,0.0,0.7,0.7,0.2,0.2,0.0,0.2,0.8
Jeff Lebo,UNC Tar Heels,1985,ACC,Dean Smith,0.824,86.6,34.0,10.0,26.3,0.514,0.0,0.0,0.74,2.5,4.0,1.2,0.0,2.1,9.2
James Daye,UNC Tar Heels,1985,ACC,Dean Smith,0.824,86.6,18.0,1.0,2.6,0.25,0.0,0.0,0.533,0.3,0.4,0.0,0.0,0.2,0.7
Kenny Smith,UNC Tar Heels,1985,ACC,Dean Smith,0.824,86.6,34.0,34.0,32.6,0.516,0.0,0.0,0.808,2.2,6.2,1.5,0.1,1.4,12.0
Brad Daugherty,UNC Tar Heels,1985,ACC,Dean Smith,0.824,86.6,34.0,34.0,32.0,0.648,0.0,0.0,0.684,9.0,1.8,1.0,1.1,2.7,20.2
Warren Martin,UNC Tar Heels,1985,ACC,Dean Smith,0.824,86.6,29.0,6.0,16.1,0.603,0.0,0.0,0.797,4.5,0.6,0.6,2.8,2.6,6.9
Joe Wolf,UNC Tar Heels,1985,ACC,Dean Smith,0.824,86.6,34.0,34.0,25.1,0.532,0.0,0.0,0.712,6.6,2.1,0.5,0.3,2.4,10.0
Dave Popson,UNC Tar Heels,1985,ACC,Dean Smith,0.824,86.6,34.0,17.0,12.1,0.504,0.0,0.0,0.846,2.6,0.6,0.2,0.4,2.1,3.9
Curtis Hunter,UNC Tar Heels,1985,ACC,Dean Smith,0.824,86.6,34.0,3.0,9.9,0.609,0.0,0.0,0.692,1.4,1.4,0.6,0.0,1.3,3.9
Ranzino Smith,UNC Tar Heels,1984,ACC,Dean Smith,0.75,73.5,32.0,0.0,5.2,0.342,0.0,0.0,0.846,0.6,0.2,0.2,0.0,0.6,2.0
James Daye,UNC Tar Heels,1984,ACC,Dean Smith,0.75,73.5,7.0,0.0,1.4,0.667,0.0,0.0,0.667,0.4,0.3,0.0,0.0,0.1,0.9
Brad Daugherty,UNC Tar Heels,1984,ACC,Dean Smith,0.75,73.5,36.0,0.0,34.7,0.625,0.0,0.0,0.742,9.7,2.1,0.8,1.3,3.1,17.3
Cliff Morris,UNC Tar Heels,1984,ACC,Dean Smith,0.75,73.5,12.0,0.0,2.0,0.333,0.0,0.0,0.571,0.4,0.0,0.0,0.1,0.0,0.7
Gary Roper,UNC Tar Heels,1984,ACC,Dean Smith,0.75,73.5,10.0,0.0,1.8,0.0,0.0,0.0,0.0,0.1,0.0,0.0,0.0,0.2,0.0
Steve Hale,UNC Tar Heels,1984,ACC,Dean Smith,0.75,73.5,33.0,0.0,35.2,0.518,0.0,0.0,0.876,3.6,5.1,1.7,0.1,3.1,10.6
Warren Martin,UNC Tar Heels,1984,ACC,Dean Smith,0.75,73.5,36.0,0.0,20.4,0.596,0.0,0.0,0.68,5.5,1.2,0.3,2.3,2.9,9.6
Curtis Hunter,UNC Tar Heels,1984,ACC,Dean Smith,0.75,73.5,30.0,0.0,12.1,0.563,0.0,0.0,0.611,1.2,1.1,0.5,0.0,1.1,4.0
Matt Brust,UNC Tar Heels,1984,ACC,Dean Smith,0.75,73.5,8.0,0.0,2.3,0.333,0.0,0.0,0.0,0.5,0.4,0.0,0.0,0.3,0.3
Buzz Peterson,UNC Tar Heels,1984,ACC,Dean Smith,0.75,73.5,36.0,0.0,19.6,0.437,0.0,0.0,0.744,1.8,1.6,0.4,0.0,0.9,5.5
Joe Wolf,UNC Tar Heels,1984,ACC,Dean Smith,0.75,73.5,30.0,0.0,30.5,0.566,0.0,0.0,0.781,5.3,1.9,0.6,0.5,2.6,9.1
Dave Popson,UNC Tar Heels,1984,ACC,Dean Smith,0.75,73.5,35.0,0.0,14.5,0.529,0.0,0.0,0.738,2.5,0.5,0.2,0.3,1.9,6.0
Kenny Smith,UNC Tar Heels,1984,ACC,Dean Smith,0.75,73.5,36.0,0.0,37.5,0.518,0.0,0.0,0.86,2.6,6.5,1.8,0.0,1.5,12.3
Timo Makkonen,UNC Tar Heels,1983,ACC,Dean Smith,0.903,80.1,15.0,0.0,3.1,0.167,0.0,0.0,0.5,0.6,0.1,0.0,0.1,0.5,0.3
Buzz Peterson,UNC Tar Heels,1983,ACC,Dean Smith,0.903,80.1,29.0,0.0,12.4,0.464,0.0,0.0,0.9,0.8,2.0,0.6,0.0,0.9,3.7
Steve Hale,UNC Tar Heels,1983,ACC,Dean Smith,0.903,80.1,31.0,0.0,20.5,0.558,0.0,0.0,0.837,1.2,3.6,1.1,0.0,1.9,5.2
Dave Popson,UNC Tar Heels,1983,ACC,Dean Smith,0.903,80.1,29.0,0.0,6.4,0.431,0.0,0.0,0.6,1.2,0.4,0.1,0.2,1.3,1.9
Michael Jordan,UNC Tar Heels,1983,ACC,Dean Smith,0.903,80.1,31.0,0.0,29.5,0.551,0.0,0.0,0.779,5.3,2.1,1.6,1.1,2.3,19.6
Matt Doherty,UNC Tar Heels,1983,ACC,Dean Smith,0.903,80.1,31.0,0.0,31.9,0.494,0.0,0.0,0.763,4.0,4.0,0.9,0.5,1.6,9.8
Kenny Smith,UNC Tar Heels,1983,ACC,Dean Smith,0.903,80.1,23.0,0.0,29.0,0.519,0.0,0.0,0.8,1.7,5.0,1.2,0.0,1.5,9.1
Joe Wolf,UNC Tar Heels,1983,ACC,Dean Smith,0.903,80.1,30.0,0.0,13.7,0.481,0.0,0.0,0.758,2.8,0.5,0.2,0.1,1.1,3.4
Cecil Exum,UNC Tar Heels,1983,ACC,Dean Smith,0.903,80.1,28.0,0.0,6.4,0.59,0.0,0.0,0.739,0.9,0.3,0.2,0.1,0.6,2.3
Brad Daugherty,UNC Tar Heels,1983,ACC,Dean Smith,0.903,80.1,30.0,0.0,27.4,0.61,0.0,0.0,0.678,5.6,1.4,0.6,1.0,3.1,10.5
Sam Perkins,UNC Tar Heels,1983,ACC,Dean Smith,0.903,80.1,31.0,0.0,33.2,0.589,0.0,0.0,0.856,9.6,1.6,0.9,1.9,2.3,17.6
Cliff Morris,UNC Tar Heels,1983,ACC,Dean Smith,0.903,80.1,13.0,0.0,2.3,0.6,0.0,0.0,0.25,1.3,0.0,0.3,0.0,0.2,0.5
Michael Jordan,UNC Tar Heels,1982,ACC,Dean Smith,0.778,80.7,36.0,0.0,30.9,0.535,0.55,0.447,0.737,5.5,1.6,2.2,0.8,3.1,20.0
Brad Daugherty,UNC Tar Heels,1982,ACC,Dean Smith,0.778,80.7,35.0,0.0,23.3,0.558,0.561,0.0,0.663,5.2,0.9,0.3,1.0,3.0,8.2
Curtis Hunter,UNC Tar Heels,1982,ACC,Dean Smith,0.778,80.7,25.0,0.0,10.2,0.526,0.0,0.0,0.833,1.0,0.8,0.5,0.0,1.2,4.3
Buzz Peterson,UNC Tar Heels,1982,ACC,Dean Smith,0.778,80.7,24.0,0.0,19.0,0.515,0.0,0.0,0.704,1.8,1.4,0.3,0.0,1.2,7.2
Jim Braddock,UNC Tar Heels,1982,ACC,Dean Smith,0.778,80.7,36.0,0.0,28.3,0.496,0.0,0.0,0.827,1.3,4.1,0.9,0.0,1.3,9.3
Warren Martin,UNC Tar Heels,1982,ACC,Dean Smith,0.778,80.7,35.0,0.0,12.1,0.597,0.0,0.0,0.585,3.0,0.4,0.1,0.7,2.3,3.1
Timo Makkonen,UNC Tar Heels,1982,ACC,Dean Smith,0.778,80.7,14.0,0.0,3.3,0.2,0.2,0.0,0.6,0.9,0.1,0.1,0.1,0.5,0.9
John Brownlee,UNC Tar Heels,1982,ACC,Dean Smith,0.778,80.7,33.0,0.0,0.0,0.741,0.0,0.0,0.333,1.1,0.1,0.1,0.1,0.6,1.3
Cecil Exum,UNC Tar Heels,1982,ACC,Dean Smith,0.778,80.7,30.0,0.0,4.8,0.488,0.0,0.0,0.632,1.2,0.6,0.2,0.1,0.8,1.8
Steve Hale,UNC Tar Heels,1982,ACC,Dean Smith,0.778,80.7,36.0,0.0,13.3,0.432,0.0,0.0,0.6,1.0,1.9,0.5,0.0,1.5,2.6
Matt Doherty,UNC Tar Heels,1982,ACC,Dean Smith,0.778,80.7,36.0,0.0,34.0,0.438,0.0,0.0,0.782,3.8,4.2,0.9,0.3,2.2,10.5
Lynwood Robinson,UNC Tar Heels,1982,ACC,Dean Smith,0.778,80.7,4.0,0.0,0.0,0.0,0.0,0.0,0.0,0.0,0.8,0.0,0.0,0.3,0.0
Sam Perkins,UNC Tar Heels,1982,ACC,Dean Smith,0.778,80.7,35.0,0.0,33.5,0.527,0.563,0.25,0.819,9.4,1.3,1.2,1.9,2.6,16.9
John Brownlee,UNC Tar Heels,1981,ACC,Dean Smith,0.941,66.7,13.0,0.0,3.2,0.571,0.0,0.0,0.2,1.1,0.0,0.1,0.1,0.5,0.7
Cecil Exum,UNC Tar Heels,1981,ACC,Dean Smith,0.941,66.7,17.0,0.0,2.9,0.381,0.0,0.0,0.273,1.0,0.4,0.1,0.0,0.5,1.1
Sam Perkins,UNC Tar Heels,1981,ACC,Dean Smith,0.941,66.7,32.0,0.0,35.7,0.578,0.0,0.0,0.768,7.8,1.1,1.0,1.7,2.3,14.3
Matt Doherty,UNC Tar Heels,1981,ACC,Dean Smith,0.941,66.7,34.0,0.0,35.1,0.519,0.0,0.0,0.772,3.0,3.1,0.8,0.0,1.8,9.3
James Worthy,UNC Tar Heels,1981,ACC,Dean Smith,0.941,66.7,34.0,0.0,34.6,0.573,0.0,0.0,0.674,6.3,2.4,1.5,1.1,2.2,15.6
Chris Brust,UNC Tar Heels,1981,ACC,Dean Smith,0.941,66.7,33.0,0.0,7.6,0.622,0.0,0.0,0.455,1.7,0.4,0.2,0.0,0.5,1.7
Warren Martin,UNC Tar Heels,1981,ACC,Dean Smith,0.941,66.7,19.0,0.0,2.9,0.467,0.0,0.0,0.0,0.8,0.1,0.1,0.1,0.4,0.7
Jimmy Black,UNC Tar Heels,1981,ACC,Dean Smith,0.941,66.7,34.0,0.0,34.1,0.513,0.0,0.0,0.738,1.7,6.3,1.7,0.2,2.4,7.6
Michael Jordan,UNC Tar Heels,1981,ACC,Dean Smith,0.941,66.7,34.0,0.0,31.7,0.534,0.0,0.0,0.722,4.4,1.8,1.2,0.2,2.7,13.5
Jeb Barlow,UNC Tar Heels,1981,ACC,Dean Smith,0.941,66.7,28.0,0.0,4.8,0.387,0.0,0.0,0.444,0.8,0.2,0.1,0.0,0.6,1.0
Jim Braddock,UNC Tar Heels,1981,ACC,Dean Smith,0.941,66.7,34.0,0.0,10.4,0.452,0.0,0.0,0.833,0.5,1.2,0.2,0.0,0.5,1.9
Buzz Peterson,UNC Tar Heels,1981,ACC,Dean Smith,0.941,66.7,30.0,0.0,5.1,0.39,0.0,0.0,0.429,0.5,0.5,0.1,0.0,0.3,1.2
Timo Makkonen,UNC Tar Heels,1981,ACC,Dean Smith,0.941,66.7,12.0,0.0,2.2,0.0,0.0,0.0,0.5,0.3,0.1,0.0,0.0,0.6,0.2
Lynwood Robinson,UNC Tar Heels,1981,ACC,Dean Smith,0.941,66.7,14.0,0.0,0.0,0.636,0.0,0.0,0.2,0.2,0.2,0.3,0.0,0.1,1.1
Matt Doherty,UNC Tar Heels,1980,ACC,Dean Smith,0.784,71.9,28.0,0.0,24.0,0.456,0.0,0.0,0.707,3.0,2.4,0.8,0.1,1.5,6.0
Pete Budko,UNC Tar Heels,1980,ACC,Dean Smith,0.784,71.9,23.0,0.0,0.0,0.479,0.0,0.0,0.333,3.2,0.8,0.3,1.0,1.7,2.0
Al Wood,UNC Tar Heels,1980,ACC,Dean Smith,0.784,71.9,37.0,0.0,33.5,0.525,0.0,0.0,0.776,6.3,1.3,1.3,0.4,2.7,18.1
Jim Braddock,UNC Tar Heels,1980,ACC,Dean Smith,0.784,71.9,37.0,0.0,9.0,0.411,0.0,0.0,0.826,0.2,0.7,0.4,0.0,0.5,2.6
Eric Kenny,UNC Tar Heels,1980,ACC,Dean Smith,0.784,71.9,35.0,0.0,0.0,0.591,0.0,0.0,0.769,0.7,0.2,0.1,0.0,0.3,1.0
Cecil Exum,UNC Tar Heels,1980,ACC,Dean Smith,0.784,71.9,28.0,0.0,2.6,0.4,0.0,0.0,0.6,0.3,0.1,0.0,0.0,0.1,0.7
Jeb Barlow,UNC Tar Heels,1980,ACC,Dean Smith,0.784,71.9,30.0,0.0,2.5,0.4,0.0,0.0,0.833,0.5,0.1,0.1,0.0,0.4,0.7
Dean Shaffer,UNC Tar Heels,1980,ACC,Dean Smith,0.784,71.9,10.0,0.0,3.7,0.375,0.0,0.0,0.7,0.4,0.2,0.5,0.0,0.3,1.3
Mike Pepper,UNC Tar Heels,1980,ACC,Dean Smith,0.784,71.9,36.0,0.0,0.0,0.519,0.0,0.0,0.781,1.5,1.4,0.9,0.1,2.0,6.1
Sam Perkins,UNC Tar Heels,1980,ACC,Dean Smith,0.784,71.9,37.0,0.0,30.1,0.626,0.0,0.0,0.741,7.8,0.7,0.6,1.8,3.1,14.9
Chris Brust,UNC Tar Heels,1980,ACC,Dean Smith,0.784,71.9,35.0,0.0,5.3,0.458,0.0,0.0,0.583,1.2,0.2,0.0,0.0,0.6,1.0
Jimmy Black,UNC Tar Heels,1980,ACC,Dean Smith,0.784,71.9,37.0,0.0,32.4,0.533,0.0,0.0,0.788,1.5,5.1,1.7,0.0,2.6,7.3
James Worthy,UNC Tar Heels,1980,ACC,Dean Smith,0.784,71.9,36.0,0.0,33.7,0.5,0.0,0.0,0.64,8.4,2.8,1.3,1.0,2.8,14.2
